line	original_score	max_predicate_score	total	predicate	label
com.google.javascript.jscomp.testing.TestErrorReporter#boolean#hasEncounteredAllErrors#?#84	0.011494252873563204	0.0	0.005747126436781602		_
com.google.javascript.jscomp.parsing.ParserRunner#Node#parse#?,String,String,Config,ErrorReporter,Logger#106	1.7972681524081047E-4	0.007042253521126751	0.003610990168183781	config.isIdeMode	_
com.google.javascript.jscomp.parsing.ParserRunner#Node#parse#?,String,String,Config,ErrorReporter,Logger#108	0.007042253521126751	0.0	0.0035211267605633756		_
com.google.javascript.jscomp.parsing.ParserRunner#Node#parse#?,String,String,Config,ErrorReporter,Logger#107	0.007042253521126751	0.0	0.0035211267605633756		_
com.google.javascript.jscomp.testing.TestErrorReporter#?#TestErrorReporter#?,String[],String[]#44	0.0018248175182481452	0.0	9.124087591240726E-4		_
com.google.javascript.jscomp.testing.TestErrorReporter#?#TestErrorReporter#?,String[],String[]#45	0.0018248175182481452	0.0	9.124087591240726E-4		_
com.google.javascript.jscomp.parsing.TypeSafeDispatcher#T#process#?,AstNode#198	0.0012515644555695093	0.0	6.257822277847547E-4		_
com.google.javascript.jscomp.parsing.IRFactory$TransformDispatcher#Node#processEmptyExpression#?,EmptyExpression#468	0.0012515644555695093	0.0	6.257822277847547E-4		_
com.google.javascript.jscomp.parsing.IRFactory$TransformDispatcher#Node#processEmptyExpression#?,EmptyExpression#467	0.0012515644555695093	0.0	6.257822277847547E-4		_
com.google.javascript.rhino.Node#int#mergeLineCharNo#?,int,int#1148	4.4903457566236593E-4	4.4903457566236593E-4	4.4903457566236593E-4	(-1)<= 0	_
com.google.javascript.jscomp.parsing.IRFactory$TransformDispatcher#Node#processFunctionNode#?,FunctionNode#523	2.2158209616662816E-4	4.906771344455052E-4	3.561296153060667E-4	isUnnamedFunction	_
com.google.javascript.jscomp.parsing.IRFactory$TransformDispatcher#Node#processFunctionNode#?,FunctionNode#516	2.2158209616662816E-4	4.906771344455052E-4	3.561296153060667E-4	name == null	_
com.google.javascript.jscomp.parsing.IRFactory$TransformDispatcher#Node#processFunctionNode#?,FunctionNode#544	2.2158209616662816E-4	4.906771344455052E-4	3.561296153060667E-4	!(fnName != null)	_
com.google.javascript.rhino.Node#void#setLineno#?,int#1133	1.7721070352649804E-4	4.906771344455052E-4	3.339439189860016E-4	sourcePosition < charno	_
com.google.javascript.rhino.Node#void#setLineno#?,int#1131	1.7721070352649804E-4	4.906771344455052E-4	3.339439189860016E-4	charno > lineno	_
com.google.javascript.rhino.Node#void#setCharno#?,int#1137	1.7724211272596158E-4	4.644681839294229E-4	3.2085514832769224E-4	sourcePosition == charno	_
com.google.javascript.rhino.Node#int#mergeLineCharNo#?,int,int#1147	1.6832183134152245E-4	4.4903457566236593E-4	3.086782035019442E-4	lineno < 0 || charno < 0	_
com.google.javascript.jscomp.parsing.IRFactory$TransformDispatcher#Node#processFunctionNode#?,FunctionNode#526	4.906771344455052E-4	0.0	2.453385672227526E-4		_
com.google.javascript.jscomp.parsing.IRFactory$TransformDispatcher#Node#processFunctionNode#?,FunctionNode#530	4.906771344455052E-4	0.0	2.453385672227526E-4		_
com.google.javascript.jscomp.parsing.IRFactory$TransformDispatcher#Node#processFunctionNode#?,FunctionNode#532	4.906771344455052E-4	0.0	2.453385672227526E-4		_
com.google.javascript.jscomp.parsing.IRFactory$TransformDispatcher#Node#processFunctionNode#?,FunctionNode#519	4.906771344455052E-4	0.0	2.453385672227526E-4		_
com.google.javascript.jscomp.parsing.IRFactory$TransformDispatcher#Node#processFunctionNode#?,FunctionNode#518	4.906771344455052E-4	0.0	2.453385672227526E-4		_
com.google.javascript.jscomp.parsing.IRFactory$TransformDispatcher#Node#processFunctionNode#?,FunctionNode#517	4.906771344455052E-4	0.0	2.453385672227526E-4		_
com.google.javascript.jscomp.parsing.IRFactory$TransformDispatcher#Node#processFunctionNode#?,FunctionNode#547	4.906771344455052E-4	0.0	2.453385672227526E-4		_
com.google.javascript.jscomp.parsing.TypeSafeDispatcher#T#process#?,AstNode#171	2.1358393848780466E-4	2.1987686895341696E-4	2.167304037206108E-4	node instanceof Block	_
com.google.javascript.jscomp.parsing.IRFactory#Node#transformTree#?,AstRoot,String,Config,ErrorReporter#132	1.7724211272596158E-4	2.490660024906388E-4	2.131540576083002E-4	!(node.getComments() != null)	_
com.google.javascript.jscomp.parsing.IRFactory#Node#transform#?,AstNode#213	1.7724211272596158E-4	2.2158209616662816E-4	1.9941210444629487E-4	irNode.getType() == Token.FUNCTION && irNode.getFirstChild().getLineno() != -1	_
com.google.javascript.jscomp.parsing.IRFactory$TransformDispatcher#boolean#isDirective#?,Node#389	1.7724211272596158E-4	2.1677866897895637E-4	1.9701039085245897E-4	n == null	_
com.google.javascript.rhino.Node#int#extractCharno#?,int#1176	1.8477457501853145E-4	1.8590816136832E-4	1.8534136819342573E-4	(lineCharNo & COLUMN_MASK)!= 0	_
com.google.javascript.jscomp.parsing.ParserRunner#Node#parse#?,String,String,Config,ErrorReporter,Logger#121	1.7972681524081047E-4	1.8044027426922238E-4	1.8008354475501642E-4	astRoot != null	_
com.google.javascript.rhino.Node#PropListItem#removeProp#?,PropListItem,int#782	1.795977011493921E-4	1.795977011493921E-4	1.795977011493921E-4	!(result != item.next)	_
com.google.javascript.rhino.Node#PropListItem#removeProp#?,PropListItem,int#778	1.7956545160713322E-4	1.795977011493921E-4	1.7958157637826266E-4	!(item.type == propType)	_
com.google.javascript.rhino.Node#int#getCharno#?#863	1.7167381974247942E-4	1.8597731076808177E-4	1.788255652552806E-4	(extractCharno(sourcePosition))> 0	_
com.google.javascript.rhino.Node#int#extractCharno#?,int#1173	1.7158544955386823E-4	1.8477457501853145E-4	1.7818001228619984E-4	!(lineCharNo == -1)	_
com.google.javascript.jscomp.parsing.IRFactory#int#position2charno#?,int#265	1.7724211272596158E-4	1.7834849295528254E-4	1.7779530284062206E-4	lineIndex == -1	_
com.google.javascript.jscomp.parsing.IRFactory#void#setFileOverviewJsDoc#?,Node#150	1.7724211272596158E-4	1.773364071644412E-4	1.772892599452014E-4	!(fileOverviewInfo != null)	_
com.google.javascript.jscomp.parsing.IRFactory#Node#transform#?,AstNode#208	1.7724211272596158E-4	1.7724211272596158E-4	1.7724211272596158E-4	!(jsDocInfo != null)	_
com.google.javascript.jscomp.parsing.IRFactory#JSDocInfo#handleJsDoc#?,AstNode#195	1.7724211272596158E-4	1.7724211272596158E-4	1.7724211272596158E-4	!(comment != null)	_
com.google.javascript.jscomp.parsing.IRFactory$TransformDispatcher#void#parseDirectives#?,Node#383	1.7724211272596158E-4	1.7724211272596158E-4	1.7724211272596158E-4	!(directives != null)	_
com.google.javascript.jscomp.parsing.IRFactory#Node#transform#?,AstNode#218	1.7724211272596158E-4	1.7724211272596158E-4	1.7724211272596158E-4	irNode.getLineno() == -1	_
com.google.javascript.rhino.Node#void#setLineno#?,int#1130	1.7721070352649804E-4	1.7721070352649804E-4	1.7721070352649804E-4	charno == -1	_
com.google.javascript.jscomp.parsing.ParserRunner#void#initResourceConfig#?#65	1.7655367231639296E-4	1.7758835020420527E-4	1.7707101126029912E-4	annotationNames != null	_
com.google.javascript.rhino.Node#int#extractCharno#?,int#1174	1.7683465959328348E-4	1.7683465959328348E-4	1.7683465959328348E-4	(-1)<= 0	_
com.google.javascript.rhino.Node#int#extractLineno#?,int#1162	1.7683465959328348E-4	1.7683465959328348E-4	1.7683465959328348E-4	(-1)<= 0	_
com.google.javascript.rhino.Node#int#extractLineno#?,int#1164	1.7196904557181814E-4	1.7853954650959292E-4	1.7525429604070553E-4	(lineCharNo >>> COLUMN_BITS)!= 0	_
com.google.javascript.rhino.Node#int#getLineno#?#859	1.7167381974247942E-4	1.7860332202179752E-4	1.7513857088213847E-4	(extractLineno(sourcePosition))> 0	_
com.google.javascript.rhino.Node#void#putIntProp#?,int,int#836	1.743983257760373E-4	1.7442874585726909E-4	1.744135358166532E-4	value != 0	_
com.google.javascript.rhino.Node#Object#getProp#?,int#793	1.7421602787459634E-4	1.7421602787459634E-4	1.7421602787459634E-4	item == null	_
com.google.javascript.rhino.Node#int#extractLineno#?,int#1161	1.7158544955386823E-4	1.7683465959328348E-4	1.7421005457357586E-4	lineCharNo == -1	_
com.google.javascript.rhino.Node$StringNode#?#StringNode#?,int,String#278	1.7373175816537412E-4	1.7373175816537412E-4	1.7373175816537412E-4	!(null == str)	_
com.google.javascript.rhino.Node#void#addChildToBack#?,Node#606	1.7027073046138597E-4	1.7605633802819654E-4	1.7316353424479125E-4	!(last == null)	_
com.google.javascript.rhino.Node#PropListItem#removeProp#?,PropListItem,int#776	1.6342539630653796E-4	1.7956545160713322E-4	1.714954239568356E-4	!(item == null)	_
com.google.javascript.rhino.Node#void#putProp#?,int,Object#825	1.6498927569708055E-4	1.7510068289261493E-4	1.7004497929484774E-4	!(value != null)	_
com.google.javascript.rhino.Node#int#getType#?#536	1.686340640809636E-4	1.686340640809636E-4	1.686340640809636E-4	(type)> 0	_
com.google.javascript.rhino.Node#int#mergeLineCharNo#?,int,int#1152	1.6837851490147937E-4	1.6877637130796597E-4	1.6857744310472267E-4	(lineno << COLUMN_BITS | (charno & COLUMN_MASK))> 0	_
com.google.javascript.rhino.Node#int#mergeLineCharNo#?,int,int#1149	1.6835016835015093E-4	1.6837851490147937E-4	1.6836434162581515E-4	!((charno & ~COLUMN_MASK) != 0)	_
com.google.javascript.jscomp.parsing.Config#Map<String,Annotation>#buildAnnotationNames#?,Set<String>#87	1.6597510373439484E-4	1.6597510373439484E-4	1.6597510373439484E-4	!(!Annotation.recognizedAnnotations.containsKey(unrecognizedAnnotation))	_
com.google.javascript.rhino.Node$PropListItem#?#PropListItem#?,int,int,Object,PropListItem#361	1.650982334489015E-4	1.650982334489015E-4	1.650982334489015E-4	this.intValue >= intValue	_
com.google.javascript.rhino.Node$PropListItem#?#PropListItem#?,int,int,Object,PropListItem#360	1.650982334489015E-4	1.650982334489015E-4	1.650982334489015E-4	this.type <= type	_
com.google.javascript.rhino.Node#void#removeProp#?,int#764	1.6342539630653796E-4	1.6342539630653796E-4	1.6342539630653796E-4	!(result != propListHead)	_
com.google.javascript.rhino.Node#?#Node#?,int#369	1.6116035455282507E-4	1.6116035455282507E-4	1.6116035455282507E-4	type == nodeType	_
com.google.javascript.rhino.Node#?#Node#?,int#371	1.6116035455282507E-4	1.6116035455282507E-4	1.6116035455282507E-4	sourcePosition <= nodeType	_
com.google.javascript.jscomp.parsing.IRFactory$TransformDispatcher#Node#processFunctionNode#?,FunctionNode#521	2.2158209616662816E-4	0.0	1.1079104808331408E-4		_
com.google.javascript.jscomp.parsing.IRFactory$TransformDispatcher#Node#processFunctionNode#?,FunctionNode#522	2.2158209616662816E-4	0.0	1.1079104808331408E-4		_
com.google.javascript.jscomp.parsing.IRFactory$TransformDispatcher#Node#processFunctionNode#?,FunctionNode#535	2.2158209616662816E-4	0.0	1.1079104808331408E-4		_
com.google.javascript.jscomp.parsing.IRFactory$TransformDispatcher#Node#processFunctionNode#?,FunctionNode#536	2.2158209616662816E-4	0.0	1.1079104808331408E-4		_
com.google.javascript.jscomp.parsing.IRFactory$TransformDispatcher#Node#processFunctionNode#?,FunctionNode#515	2.2158209616662816E-4	0.0	1.1079104808331408E-4		_
com.google.javascript.jscomp.parsing.IRFactory$TransformDispatcher#Node#processFunctionNode#?,FunctionNode#514	2.2158209616662816E-4	0.0	1.1079104808331408E-4		_
com.google.javascript.jscomp.parsing.TypeSafeDispatcher#T#process#?,AstNode#229	2.2158209616662816E-4	0.0	1.1079104808331408E-4		_
com.google.javascript.jscomp.parsing.IRFactory$TransformDispatcher#Node#processFunctionNode#?,FunctionNode#561	2.2158209616662816E-4	0.0	1.1079104808331408E-4		_
com.google.javascript.jscomp.parsing.IRFactory$TransformDispatcher#Node#processFunctionNode#?,FunctionNode#560	2.2158209616662816E-4	0.0	1.1079104808331408E-4		_
com.google.javascript.jscomp.parsing.IRFactory#Node#transform#?,AstNode#215	2.2158209616662816E-4	0.0	1.1079104808331408E-4		_
com.google.javascript.jscomp.parsing.IRFactory#Node#transform#?,AstNode#216	2.2158209616662816E-4	0.0	1.1079104808331408E-4		_
com.google.javascript.jscomp.parsing.IRFactory$TransformDispatcher#Node#processFunctionNode#?,FunctionNode#543	2.2158209616662816E-4	0.0	1.1079104808331408E-4		_
com.google.javascript.jscomp.parsing.IRFactory$TransformDispatcher#Node#processFunctionNode#?,FunctionNode#549	2.2158209616662816E-4	0.0	1.1079104808331408E-4		_
com.google.javascript.jscomp.parsing.IRFactory$TransformDispatcher#Node#processFunctionNode#?,FunctionNode#556	2.2158209616662816E-4	0.0	1.1079104808331408E-4		_
com.google.javascript.jscomp.parsing.IRFactory$TransformDispatcher#Node#processFunctionNode#?,FunctionNode#558	2.2158209616662816E-4	0.0	1.1079104808331408E-4		_
com.google.javascript.jscomp.parsing.IRFactory$TransformDispatcher#Node#processFunctionNode#?,FunctionNode#559	2.2158209616662816E-4	0.0	1.1079104808331408E-4		_
com.google.javascript.jscomp.parsing.IRFactory$TransformDispatcher#Node#processFunctionNode#?,FunctionNode#552	2.2158209616662816E-4	0.0	1.1079104808331408E-4		_
com.google.javascript.jscomp.parsing.TypeSafeDispatcher#T#process#?,AstNode#172	2.1987686895341696E-4	0.0	1.0993843447670848E-4		_
com.google.javascript.jscomp.parsing.IRFactory$TransformDispatcher#Node#processBlock#?,Block#399	2.1987686895341696E-4	0.0	1.0993843447670848E-4		_
com.google.javascript.jscomp.parsing.IRFactory#int#transformTokenType#?,int#1196	2.1358393848780466E-4	0.0	1.0679196924390233E-4		_
com.google.javascript.jscomp.parsing.IRFactory$TransformDispatcher#Node#processGeneric#?,com.google.javascript.jscomp.mozilla.rhino.Node#280	2.1358393848780466E-4	0.0	1.0679196924390233E-4		_
com.google.javascript.jscomp.parsing.IRFactory$TransformDispatcher#Node#processGeneric#?,com.google.javascript.jscomp.mozilla.rhino.Node#284	2.1358393848780466E-4	0.0	1.0679196924390233E-4		_
com.google.javascript.jscomp.parsing.IRFactory#int#transformTokenType#?,int#942	1.8135654697137849E-4	0.0	9.067827348568924E-5		_
com.google.javascript.jscomp.parsing.ParserRunner#Node#parse#?,String,String,Config,ErrorReporter,Logger#122	1.8044027426922238E-4	0.0	9.022013713461119E-5		_
com.google.javascript.jscomp.parsing.ParserRunner#Node#parse#?,String,String,Config,ErrorReporter,Logger#124	1.8044027426922238E-4	0.0	9.022013713461119E-5		_
com.google.javascript.jscomp.parsing.ParserRunner#Node#parse#?,String,String,Config,ErrorReporter,Logger#104	1.7972681524081047E-4	0.0	8.986340762040523E-5		_
com.google.javascript.jscomp.parsing.ParserRunner#Node#parse#?,String,String,Config,ErrorReporter,Logger#105	1.7972681524081047E-4	0.0	8.986340762040523E-5		_
com.google.javascript.jscomp.parsing.ParserRunner#Node#parse#?,String,String,Config,ErrorReporter,Logger#102	1.7972681524081047E-4	0.0	8.986340762040523E-5		_
com.google.javascript.jscomp.parsing.ParserRunner#Node#parse#?,String,String,Config,ErrorReporter,Logger#103	1.7972681524081047E-4	0.0	8.986340762040523E-5		_
com.google.javascript.jscomp.parsing.ParserRunner#Node#parse#?,String,String,Config,ErrorReporter,Logger#100	1.7972681524081047E-4	0.0	8.986340762040523E-5		_
com.google.javascript.jscomp.parsing.ParserRunner#Node#parse#?,String,String,Config,ErrorReporter,Logger#101	1.7972681524081047E-4	0.0	8.986340762040523E-5		_
com.google.javascript.jscomp.parsing.ParserRunner#Node#parse#?,String,String,Config,ErrorReporter,Logger#120	1.7972681524081047E-4	0.0	8.986340762040523E-5		_
com.google.javascript.jscomp.parsing.ParserRunner#Node#parse#?,String,String,Config,ErrorReporter,Logger#126	1.7972681524081047E-4	0.0	8.986340762040523E-5		_
com.google.javascript.jscomp.parsing.ParserRunner#Node#parse#?,String,String,Config,ErrorReporter,Logger#118	1.7972681524081047E-4	0.0	8.986340762040523E-5		_
com.google.javascript.jscomp.parsing.ParserRunner#Node#parse#?,String,String,Config,ErrorReporter,Logger#111	1.7972681524081047E-4	0.0	8.986340762040523E-5		_
com.google.javascript.jscomp.parsing.ParserRunner#Node#parse#?,String,String,Config,ErrorReporter,Logger#112	1.7972681524081047E-4	0.0	8.986340762040523E-5		_
com.google.javascript.jscomp.parsing.ParserRunner#Node#parse#?,String,String,Config,ErrorReporter,Logger#114	1.7972681524081047E-4	0.0	8.986340762040523E-5		_
com.google.javascript.jscomp.parsing.ParserRunner#Node#parse#?,String,String,Config,ErrorReporter,Logger#99	1.7972681524081047E-4	0.0	8.986340762040523E-5		_
com.google.javascript.jscomp.parsing.ParserRunner#Node#parse#?,String,String,Config,ErrorReporter,Logger#98	1.7972681524081047E-4	0.0	8.986340762040523E-5		_
com.google.javascript.rhino.Node#PropListItem#removeProp#?,PropListItem,int#781	1.795977011493921E-4	0.0	8.979885057469605E-5		_
com.google.javascript.rhino.Node#PropListItem#removeProp#?,PropListItem,int#786	1.795977011493921E-4	0.0	8.979885057469605E-5		_
com.google.javascript.jscomp.parsing.TypeSafeDispatcher#T#process#?,AstNode#243	1.7879492222416804E-4	0.0	8.939746111208402E-5		_
com.google.javascript.jscomp.parsing.IRFactory$TransformDispatcher#Node#processName#?,Name#627	1.7879492222416804E-4	0.0	8.939746111208402E-5		_
com.google.javascript.jscomp.parsing.IRFactory#Node#newStringNode#?,int,String#1276	1.7873100983023527E-4	0.0	8.936550491511763E-5		_
com.google.javascript.jscomp.parsing.IRFactory#int#position2charno#?,int#266	1.7834849295528254E-4	0.0	8.917424647764127E-5		_
com.google.javascript.jscomp.parsing.ParserRunner#void#initResourceConfig#?#66	1.7758835020420527E-4	0.0	8.879417510210263E-5		_
com.google.javascript.jscomp.parsing.IRFactory$TransformDispatcher#boolean#isDirective#?,Node#391	1.7739932588256568E-4	0.0	8.869966294128284E-5		_
com.google.javascript.jscomp.parsing.IRFactory$TransformDispatcher#boolean#isDirective#?,Node#392	1.7739932588256568E-4	0.0	8.869966294128284E-5		_
com.google.javascript.jscomp.parsing.IRFactory$TransformDispatcher#Node#processAstRoot#?,AstRoot#356	1.7739932588256568E-4	0.0	8.869966294128284E-5		_
com.google.javascript.jscomp.parsing.IRFactory$TransformDispatcher#Node#processAstRoot#?,AstRoot#355	1.7739932588256568E-4	0.0	8.869966294128284E-5		_
com.google.javascript.jscomp.parsing.TypeSafeDispatcher#T#process#?,AstNode#255	1.7724211272596158E-4	0.0	8.862105636298079E-5		_
com.google.javascript.jscomp.parsing.IRFactory#Node#transform#?,AstNode#206	1.7724211272596158E-4	0.0	8.862105636298079E-5		_
com.google.javascript.jscomp.parsing.IRFactory#Node#transform#?,AstNode#207	1.7724211272596158E-4	0.0	8.862105636298079E-5		_
com.google.javascript.jscomp.parsing.IRFactory#int#position2charno#?,int#264	1.7724211272596158E-4	0.0	8.862105636298079E-5		_
com.google.javascript.jscomp.parsing.IRFactory#?#IRFactory#?,String,String,Config,ErrorReporter#111	1.7724211272596158E-4	0.0	8.862105636298079E-5		_
com.google.javascript.jscomp.parsing.IRFactory#JSDocInfo#handleJsDoc#?,AstNode#194	1.7724211272596158E-4	0.0	8.862105636298079E-5		_
com.google.javascript.jscomp.parsing.IRFactory#?#IRFactory#?,String,String,Config,ErrorReporter#108	1.7724211272596158E-4	0.0	8.862105636298079E-5		_
com.google.javascript.jscomp.parsing.IRFactory#?#IRFactory#?,String,String,Config,ErrorReporter#109	1.7724211272596158E-4	0.0	8.862105636298079E-5		_
com.google.javascript.jscomp.parsing.IRFactory#?#IRFactory#?,String,String,Config,ErrorReporter#107	1.7724211272596158E-4	0.0	8.862105636298079E-5		_
com.google.javascript.jscomp.parsing.IRFactory#?#IRFactory#?,String,String,Config,ErrorReporter#106	1.7724211272596158E-4	0.0	8.862105636298079E-5		_
com.google.javascript.jscomp.parsing.IRFactory#?#IRFactory#?,String,String,Config,ErrorReporter#105	1.7724211272596158E-4	0.0	8.862105636298079E-5		_
com.google.javascript.jscomp.parsing.IRFactory#Node#transformTree#?,AstRoot,String,Config,ErrorReporter#130	1.7724211272596158E-4	0.0	8.862105636298079E-5		_
com.google.javascript.jscomp.parsing.IRFactory$TransformDispatcher#void#parseDirectives#?,Node#373	1.7724211272596158E-4	0.0	8.862105636298079E-5		_
com.google.javascript.jscomp.parsing.IRFactory#Node#newNode#?,int#1256	1.7724211272596158E-4	0.0	8.862105636298079E-5		_
com.google.javascript.jscomp.parsing.IRFactory#Node#transformTree#?,AstRoot,String,Config,ErrorReporter#140	1.7724211272596158E-4	0.0	8.862105636298079E-5		_
com.google.javascript.jscomp.parsing.IRFactory#Node#transformTree#?,AstRoot,String,Config,ErrorReporter#142	1.7724211272596158E-4	0.0	8.862105636298079E-5		_
com.google.javascript.jscomp.parsing.TypeSafeDispatcher#T#process#?,AstNode#119	1.7724211272596158E-4	0.0	8.862105636298079E-5		_
com.google.javascript.jscomp.parsing.IRFactory#void#setFileOverviewJsDoc#?,Node#149	1.7724211272596158E-4	0.0	8.862105636298079E-5		_
com.google.javascript.jscomp.parsing.IRFactory#Node#justTransform#?,AstNode#274	1.7724211272596158E-4	0.0	8.862105636298079E-5		_
com.google.javascript.jscomp.parsing.IRFactory#Node#createTemplateNode#?#120	1.7724211272596158E-4	0.0	8.862105636298079E-5		_
com.google.javascript.jscomp.parsing.IRFactory#Node#transform#?,AstNode#223	1.7724211272596158E-4	0.0	8.862105636298079E-5		_
com.google.javascript.jscomp.parsing.IRFactory#Node#createTemplateNode#?#121	1.7724211272596158E-4	0.0	8.862105636298079E-5		_
com.google.javascript.jscomp.parsing.IRFactory#Node#transform#?,AstNode#224	1.7724211272596158E-4	0.0	8.862105636298079E-5		_
com.google.javascript.jscomp.parsing.IRFactory#Node#transform#?,AstNode#222	1.7724211272596158E-4	0.0	8.862105636298079E-5		_
com.google.javascript.jscomp.parsing.IRFactory#Node#transform#?,AstNode#228	1.7724211272596158E-4	0.0	8.862105636298079E-5		_
com.google.javascript.jscomp.parsing.IRFactory#Node#transform#?,AstNode#225	1.7724211272596158E-4	0.0	8.862105636298079E-5		_
com.google.javascript.jscomp.parsing.IRFactory#JSDocInfo#handleJsDoc#?,AstNode#202	1.7724211272596158E-4	0.0	8.862105636298079E-5		_
com.google.javascript.jscomp.parsing.IRFactory#Node#createTemplateNode#?#119	1.7724211272596158E-4	0.0	8.862105636298079E-5		_
com.google.javascript.jscomp.parsing.IRFactory$TransformDispatcher#Node#processAstRoot#?,AstRoot#358	1.7724211272596158E-4	0.0	8.862105636298079E-5		_
com.google.javascript.jscomp.parsing.IRFactory$TransformDispatcher#Node#processAstRoot#?,AstRoot#359	1.7724211272596158E-4	0.0	8.862105636298079E-5		_
com.google.javascript.jscomp.parsing.IRFactory$TransformDispatcher#Node#processAstRoot#?,AstRoot#354	1.7724211272596158E-4	0.0	8.862105636298079E-5		_
com.google.javascript.jscomp.parsing.IRFactory#Node#transformTree#?,AstRoot,String,Config,ErrorReporter#128	1.7724211272596158E-4	0.0	8.862105636298079E-5		_
com.google.javascript.rhino.Node#void#setLineno#?,int#1129	1.7721070352649804E-4	0.0	8.860535176324902E-5		_
com.google.javascript.rhino.Node#void#setIsSyntheticBlock#?,boolean#2012	1.7667844522972764E-4	0.0	8.833922261486382E-5		_
com.google.javascript.jscomp.parsing.ParserRunner#Config#createConfig#?,boolean,boolean,boolean#59	1.7655367231639296E-4	0.0	8.827683615819648E-5		_
com.google.javascript.jscomp.parsing.ParserRunner#Config#createConfig#?,boolean,boolean,boolean#60	1.7655367231639296E-4	0.0	8.827683615819648E-5		_
com.google.javascript.rhino.Node#void#addChildToBack#?,Node#611	1.7605633802819654E-4	0.0	8.802816901409827E-5		_
com.google.javascript.rhino.Node#void#addChildToBack#?,Node#610	1.7605633802819654E-4	0.0	8.802816901409827E-5		_
com.google.javascript.rhino.Node#FileLevelJsDocBuilder#getJsDocBuilderForNode#?#1927	1.7590149516266695E-4	0.0	8.795074758133348E-5		_
com.google.javascript.rhino.Node#void#setJSDocInfo#?,JSDocInfo#1968	1.7590149516266695E-4	0.0	8.795074758133348E-5		_
com.google.javascript.rhino.Node$PropListItem#?#PropListItem#?,int,int,PropListItem#351	1.7442874585726909E-4	0.0	8.721437292863454E-5		_
com.google.javascript.rhino.Node#void#putBooleanProp#?,int,boolean#831	1.7442874585726909E-4	0.0	8.721437292863454E-5		_
com.google.javascript.rhino.Node#void#putIntProp#?,int,int#837	1.7442874585726909E-4	0.0	8.721437292863454E-5		_
com.google.javascript.rhino.Node#void#putIntProp#?,int,int#835	1.743983257760373E-4	0.0	8.719916288801866E-5		_
com.google.javascript.rhino.Node#Node#newString#?,int,String#524	1.743375174337869E-4	0.0	8.716875871689345E-5		_
com.google.javascript.rhino.Node#JSDocInfo#getJSDocInfo#?#1961	1.7424638438756634E-4	0.0	8.712319219378317E-5		_
com.google.javascript.rhino.Node#Object#getProp#?,int#794	1.7421602787459634E-4	0.0	8.710801393729817E-5		_
com.google.javascript.rhino.Node#Object#getProp#?,int#792	1.7421602787459634E-4	0.0	8.710801393729817E-5		_
com.google.javascript.rhino.Node$StringNode#?#StringNode#?,int,String#281	1.7373175816537412E-4	0.0	8.686587908268706E-5		_
com.google.javascript.rhino.Node$StringNode#?#StringNode#?,int,String#277	1.7373175816537412E-4	0.0	8.686587908268706E-5		_
com.google.javascript.rhino.Node#void#addChildToBack#?,Node#607	1.703867779859758E-4	0.0	8.51933889929879E-5		_
com.google.javascript.rhino.Node#void#addChildToBack#?,Node#608	1.703867779859758E-4	0.0	8.51933889929879E-5		_
com.google.javascript.rhino.Node#void#addChildToBack#?,Node#602	1.7027073046138597E-4	0.0	8.513536523069298E-5		_
com.google.javascript.rhino.Node#void#addChildToBack#?,Node#603	1.7027073046138597E-4	0.0	8.513536523069298E-5		_
com.google.javascript.rhino.Node#void#addChildToBack#?,Node#604	1.7027073046138597E-4	0.0	8.513536523069298E-5		_
com.google.javascript.rhino.Node#void#addChildToBack#?,Node#605	1.7027073046138597E-4	0.0	8.513536523069298E-5		_
com.google.javascript.rhino.Node#Node#clonePropsFrom#?,Node#759	1.6960651289010809E-4	0.0	8.480325644505404E-5		_
com.google.javascript.rhino.Node#Node#clonePropsFrom#?,Node#758	1.6960651289010809E-4	0.0	8.480325644505404E-5		_
com.google.javascript.rhino.Node#Node#clonePropsFrom#?,Node#756	1.6960651289010809E-4	0.0	8.480325644505404E-5		_
com.google.javascript.rhino.Node#Node#getFirstChild#?#548	1.6917611233291385E-4	0.0	8.458805616645693E-5		_
com.google.javascript.rhino.Node#void#putProp#?,int,Object#826	1.69090294217078E-4	0.0	8.4545147108539E-5		_
com.google.javascript.rhino.Node$PropListItem#?#PropListItem#?,int,Object,PropListItem#355	1.69090294217078E-4	0.0	8.4545147108539E-5		_
com.google.javascript.rhino.Node#PropListItem#lookupProperty#?,int#741	1.6801075268813026E-4	0.0	8.400537634406513E-5		_
com.google.javascript.rhino.Node#PropListItem#lookupProperty#?,int#745	1.6801075268813026E-4	0.0	8.400537634406513E-5		_
com.google.javascript.jscomp.parsing.Config#Map<String,Annotation>#buildAnnotationNames#?,Set<String>#89	1.6597510373439484E-4	0.0	8.298755186719742E-5		_
com.google.javascript.jscomp.parsing.Config#Map<String,Annotation>#buildAnnotationNames#?,Set<String>#86	1.6597510373439484E-4	0.0	8.298755186719742E-5		_
com.google.javascript.jscomp.parsing.Config#Map<String,Annotation>#buildAnnotationNames#?,Set<String>#93	1.6580998176085604E-4	0.0	8.290499088042802E-5		_
com.google.javascript.jscomp.parsing.Config#Map<String,Annotation>#buildAnnotationNames#?,Set<String>#85	1.6580998176085604E-4	0.0	8.290499088042802E-5		_
com.google.javascript.jscomp.parsing.Config#Map<String,Annotation>#buildAnnotationNames#?,Set<String>#83	1.6580998176085604E-4	0.0	8.290499088042802E-5		_
com.google.javascript.jscomp.parsing.Config#?#Config#?,Set<String>,Set<String>,boolean,boolean,boolean#73	1.6580998176085604E-4	0.0	8.290499088042802E-5		_
com.google.javascript.jscomp.parsing.Config#?#Config#?,Set<String>,Set<String>,boolean,boolean,boolean#74	1.6580998176085604E-4	0.0	8.290499088042802E-5		_
com.google.javascript.jscomp.parsing.Config#?#Config#?,Set<String>,Set<String>,boolean,boolean,boolean#71	1.6580998176085604E-4	0.0	8.290499088042802E-5		_
com.google.javascript.jscomp.parsing.Config#?#Config#?,Set<String>,Set<String>,boolean,boolean,boolean#72	1.6580998176085604E-4	0.0	8.290499088042802E-5		_
com.google.javascript.jscomp.parsing.Config#?#Config#?,Set<String>,Set<String>,boolean,boolean,boolean#70	1.6580998176085604E-4	0.0	8.290499088042802E-5		_
com.google.javascript.jscomp.parsing.Config#?#Config#?,Set<String>,Set<String>,boolean,boolean,boolean#69	1.6580998176085604E-4	0.0	8.290499088042802E-5		_
com.google.javascript.rhino.Node$PropListItem#?#PropListItem#?,int,int,Object,PropListItem#362	1.650982334489015E-4	0.0	8.254911672445076E-5		_
com.google.javascript.rhino.Node$PropListItem#?#PropListItem#?,int,int,Object,PropListItem#363	1.650982334489015E-4	0.0	8.254911672445076E-5		_
com.google.javascript.rhino.Node#void#putProp#?,int,Object#824	1.6498927569708055E-4	0.0	8.249463784854028E-5		_
com.google.javascript.rhino.Node#void#removeProp#?,int#763	1.6342539630653796E-4	0.0	8.171269815326898E-5		_
com.google.javascript.rhino.Node#PropListItem#removeProp#?,PropListItem,int#777	1.6342539630653796E-4	0.0	8.171269815326898E-5		_
com.google.javascript.rhino.Node#?#Node#?,int#370	1.6116035455282507E-4	0.0	8.058017727641253E-5		_
com.google.javascript.jscomp.parsing.TypeSafeDispatcher#T#process#?,AstNode#269	0.0	0.0	0.0		_
com.google.javascript.jscomp.parsing.TypeSafeDispatcher#T#process#?,AstNode#266	0.0	0.0	0.0		_
com.google.javascript.jscomp.parsing.ParserRunner#Set<String>#extractList#?,String#75	0.0	0.0	0.0		_
com.google.javascript.jscomp.parsing.TypeSafeDispatcher#T#process#?,AstNode#267	0.0	0.0	0.0		_
com.google.javascript.jscomp.parsing.ParserRunner#Set<String>#extractList#?,String#76	0.0	0.0	0.0		_
com.google.javascript.jscomp.parsing.TypeSafeDispatcher#T#process#?,AstNode#268	0.0	0.0	0.0		_
com.google.javascript.jscomp.parsing.TypeSafeDispatcher#T#process#?,AstNode#261	0.0	0.0	0.0		_
com.google.javascript.jscomp.parsing.IRFactory#int#transformTokenType#?,int#1247	0.0	0.0	0.0		_
com.google.javascript.jscomp.parsing.TypeSafeDispatcher#T#process#?,AstNode#263	0.0	0.0	0.0		_
com.google.javascript.jscomp.parsing.ParserRunner#Set<String>#extractList#?,String#80	0.0	0.0	0.0		_
com.google.javascript.jscomp.parsing.TypeSafeDispatcher#T#process#?,AstNode#259	0.0	0.0	0.0		_
com.google.javascript.jscomp.parsing.TypeSafeDispatcher#T#process#?,AstNode#190	0.0	0.0	0.0		_
com.google.javascript.jscomp.parsing.TypeSafeDispatcher#T#process#?,AstNode#257	0.0	0.0	0.0		_
com.google.javascript.jscomp.parsing.TypeSafeDispatcher#T#process#?,AstNode#194	0.0	0.0	0.0		_
com.google.javascript.jscomp.parsing.TypeSafeDispatcher#T#process#?,AstNode#196	0.0	0.0	0.0		_
com.google.javascript.jscomp.parsing.TypeSafeDispatcher#T#process#?,AstNode#253	0.0	0.0	0.0		_
com.google.javascript.jscomp.parsing.TypeSafeDispatcher#T#process#?,AstNode#251	0.0	0.0	0.0		_
com.google.javascript.jscomp.parsing.ParserRunner#Set<String>#extractList#?,String#78	0.0	0.0	0.0		_
com.google.javascript.jscomp.parsing.ParserRunner#Set<String>#extractList#?,String#77	0.0	0.0	0.0		_
com.google.javascript.jscomp.parsing.TypeSafeDispatcher#T#process#?,AstNode#184	0.0	0.0	0.0		_
com.google.javascript.rhino.Node#void#removeProp#?,int#765	0.0	0.0	0.0		_
com.google.javascript.jscomp.parsing.TypeSafeDispatcher#T#process#?,AstNode#187	0.0	0.0	0.0		_
com.google.javascript.rhino.Node#int#mergeLineCharNo#?,int,int#1150	0.0	0.0	0.0		_
com.google.javascript.jscomp.parsing.IRFactory#Node#transform#?,AstNode#209	0.0	0.0	0.0		_
com.google.javascript.jscomp.parsing.TypeSafeDispatcher#T#process#?,AstNode#182	0.0	0.0	0.0		_
com.google.javascript.jscomp.parsing.IRFactory#int#position2charno#?,int#269	0.0	0.0	0.0		_
com.google.javascript.rhino.Node#PropListItem#lookupProperty#?,int#742	0.0	0.0	0.0		_
com.google.javascript.rhino.Node#PropListItem#lookupProperty#?,int#743	0.0	0.0	0.0		_
com.google.javascript.jscomp.parsing.TypeSafeDispatcher#T#process#?,AstNode#279	0.0	0.0	0.0		_
com.google.javascript.jscomp.parsing.TypeSafeDispatcher#T#process#?,AstNode#277	0.0	0.0	0.0		_
com.google.javascript.jscomp.parsing.TypeSafeDispatcher#T#process#?,AstNode#173	0.0	0.0	0.0		_
com.google.javascript.jscomp.parsing.TypeSafeDispatcher#T#process#?,AstNode#174	0.0	0.0	0.0		_
com.google.javascript.jscomp.parsing.ParserRunner#Node#parse#?,String,String,Config,ErrorReporter,Logger#116	0.0	0.0	0.0		_
com.google.javascript.jscomp.parsing.ParserRunner#void#initResourceConfig#?#69	0.0	0.0	0.0		_
com.google.javascript.jscomp.parsing.IRFactory#int#transformTokenType#?,int#1146	0.0	0.0	0.0		_
com.google.javascript.jscomp.parsing.IRFactory#int#transformTokenType#?,int#1148	0.0	0.0	0.0		_
com.google.javascript.jscomp.parsing.IRFactory#int#transformTokenType#?,int#1004	0.0	0.0	0.0		_
com.google.javascript.jscomp.parsing.IRFactory#int#transformTokenType#?,int#1006	0.0	0.0	0.0		_
com.google.javascript.jscomp.parsing.IRFactory#int#transformTokenType#?,int#1205	0.0	0.0	0.0		_
com.google.javascript.jscomp.parsing.IRFactory#int#transformTokenType#?,int#1000	0.0	0.0	0.0		_
com.google.javascript.jscomp.parsing.IRFactory#int#transformTokenType#?,int#1140	0.0	0.0	0.0		_
com.google.javascript.jscomp.parsing.IRFactory#int#transformTokenType#?,int#1002	0.0	0.0	0.0		_
com.google.javascript.jscomp.parsing.IRFactory#int#transformTokenType#?,int#1008	0.0	0.0	0.0		_
com.google.javascript.jscomp.parsing.TypeSafeDispatcher#T#process#?,AstNode#169	0.0	0.0	0.0		_
com.google.javascript.jscomp.parsing.ParserRunner#void#initResourceConfig#?#70	0.0	0.0	0.0		_
com.google.javascript.jscomp.parsing.ParserRunner#void#initResourceConfig#?#71	0.0	0.0	0.0		_
com.google.javascript.jscomp.parsing.IRFactory#int#transformTokenType#?,int#1134	0.0	0.0	0.0		_
com.google.javascript.jscomp.parsing.IRFactory#int#transformTokenType#?,int#1132	0.0	0.0	0.0		_
com.google.javascript.jscomp.parsing.IRFactory#int#transformTokenType#?,int#1138	0.0	0.0	0.0		_
com.google.javascript.jscomp.parsing.IRFactory#int#transformTokenType#?,int#1136	0.0	0.0	0.0		_
com.google.javascript.jscomp.parsing.IRFactory#int#transformTokenType#?,int#1130	0.0	0.0	0.0		_
com.google.javascript.jscomp.parsing.TypeSafeDispatcher#T#process#?,AstNode#159	0.0	0.0	0.0		_
com.google.javascript.jscomp.parsing.IRFactory#int#transformTokenType#?,int#1124	0.0	0.0	0.0		_
com.google.javascript.jscomp.parsing.IRFactory#int#transformTokenType#?,int#1126	0.0	0.0	0.0		_
com.google.javascript.jscomp.parsing.IRFactory#int#transformTokenType#?,int#1120	0.0	0.0	0.0		_
com.google.javascript.jscomp.parsing.IRFactory#int#transformTokenType#?,int#1122	0.0	0.0	0.0		_
com.google.javascript.jscomp.parsing.IRFactory#int#transformTokenType#?,int#1020	0.0	0.0	0.0		_
com.google.javascript.jscomp.parsing.IRFactory#int#transformTokenType#?,int#1028	0.0	0.0	0.0		_
com.google.javascript.jscomp.parsing.TypeSafeDispatcher#T#process#?,AstNode#144	0.0	0.0	0.0		_
com.google.javascript.jscomp.parsing.IRFactory#JSDocInfo#handleJsDoc#?,AstNode#196	0.0	0.0	0.0		_
com.google.javascript.jscomp.parsing.IRFactory#int#transformTokenType#?,int#1128	0.0	0.0	0.0		_
com.google.javascript.jscomp.parsing.IRFactory#JSDocInfo#handleJsDoc#?,AstNode#197	0.0	0.0	0.0		_
com.google.javascript.jscomp.parsing.TypeSafeDispatcher#T#process#?,AstNode#146	0.0	0.0	0.0		_
com.google.javascript.jscomp.parsing.IRFactory#JSDocInfo#handleJsDoc#?,AstNode#198	0.0	0.0	0.0		_
com.google.javascript.jscomp.parsing.IRFactory#JSDocInfo#handleJsDoc#?,AstNode#199	0.0	0.0	0.0		_
com.google.javascript.jscomp.parsing.IRFactory#int#transformTokenType#?,int#1116	0.0	0.0	0.0		_
com.google.javascript.jscomp.parsing.IRFactory#int#transformTokenType#?,int#1010	0.0	0.0	0.0		_
com.google.javascript.jscomp.parsing.IRFactory#int#transformTokenType#?,int#1118	0.0	0.0	0.0		_
com.google.javascript.jscomp.parsing.TypeSafeDispatcher#T#process#?,AstNode#237	0.0	0.0	0.0		_
com.google.javascript.jscomp.parsing.IRFactory#int#transformTokenType#?,int#978	0.0	0.0	0.0		_
com.google.javascript.jscomp.parsing.IRFactory#int#transformTokenType#?,int#1190	0.0	0.0	0.0		_
com.google.javascript.jscomp.parsing.TypeSafeDispatcher#T#process#?,AstNode#239	0.0	0.0	0.0		_
com.google.javascript.jscomp.parsing.TypeSafeDispatcher#T#process#?,AstNode#233	0.0	0.0	0.0		_
com.google.javascript.jscomp.parsing.TypeSafeDispatcher#T#process#?,AstNode#235	0.0	0.0	0.0		_
com.google.javascript.jscomp.parsing.IRFactory#int#transformTokenType#?,int#1050	0.0	0.0	0.0		_
com.google.javascript.jscomp.parsing.IRFactory#Node#transformTree#?,AstRoot,String,Config,ErrorReporter#134	0.0	0.0	0.0		_
com.google.javascript.jscomp.parsing.IRFactory#int#transformTokenType#?,int#970	0.0	0.0	0.0		_
com.google.javascript.jscomp.parsing.IRFactory#Node#transformTree#?,AstRoot,String,Config,ErrorReporter#133	0.0	0.0	0.0		_
com.google.javascript.jscomp.parsing.IRFactory#int#transformTokenType#?,int#972	0.0	0.0	0.0		_
com.google.javascript.jscomp.parsing.TypeSafeDispatcher#T#process#?,AstNode#231	0.0	0.0	0.0		_
com.google.javascript.jscomp.parsing.IRFactory#int#transformTokenType#?,int#974	0.0	0.0	0.0		_
com.google.javascript.jscomp.parsing.IRFactory#int#transformTokenType#?,int#976	0.0	0.0	0.0		_
com.google.javascript.jscomp.parsing.IRFactory#Node#transformTree#?,AstRoot,String,Config,ErrorReporter#135	0.0	0.0	0.0		_
com.google.javascript.jscomp.parsing.TypeSafeDispatcher#T#process#?,AstNode#249	0.0	0.0	0.0		_
com.google.javascript.jscomp.parsing.TypeSafeDispatcher#T#process#?,AstNode#247	0.0	0.0	0.0		_
com.google.javascript.jscomp.parsing.TypeSafeDispatcher#T#process#?,AstNode#245	0.0	0.0	0.0		_
com.google.javascript.jscomp.parsing.IRFactory$TransformDispatcher#void#parseDirectives#?,Node#375	0.0	0.0	0.0		_
com.google.javascript.jscomp.parsing.IRFactory$TransformDispatcher#void#parseDirectives#?,Node#376	0.0	0.0	0.0		_
com.google.javascript.jscomp.parsing.IRFactory$TransformDispatcher#void#parseDirectives#?,Node#374	0.0	0.0	0.0		_
com.google.javascript.jscomp.parsing.IRFactory$TransformDispatcher#void#parseDirectives#?,Node#377	0.0	0.0	0.0		_
com.google.javascript.jscomp.parsing.IRFactory#int#transformTokenType#?,int#980	0.0	0.0	0.0		_
com.google.javascript.jscomp.parsing.IRFactory#int#transformTokenType#?,int#984	0.0	0.0	0.0		_
com.google.javascript.jscomp.parsing.TypeSafeDispatcher#T#process#?,AstNode#241	0.0	0.0	0.0		_
com.google.javascript.jscomp.parsing.IRFactory#int#transformTokenType#?,int#982	0.0	0.0	0.0		_
com.google.javascript.jscomp.parsing.IRFactory#int#transformTokenType#?,int#988	0.0	0.0	0.0		_
com.google.javascript.jscomp.parsing.IRFactory#int#transformTokenType#?,int#986	0.0	0.0	0.0		_
com.google.javascript.jscomp.parsing.TypeSafeDispatcher#T#process#?,AstNode#216	0.0	0.0	0.0		_
com.google.javascript.jscomp.parsing.IRFactory$TransformDispatcher#void#parseDirectives#?,Node#384	0.0	0.0	0.0		_
com.google.javascript.jscomp.parsing.TypeSafeDispatcher#T#process#?,AstNode#219	0.0	0.0	0.0		_
com.google.javascript.rhino.Node#PropListItem#removeProp#?,PropListItem,int#779	0.0	0.0	0.0		_
com.google.javascript.jscomp.parsing.TypeSafeDispatcher#T#process#?,AstNode#218	0.0	0.0	0.0		_
com.google.javascript.rhino.Node#PropListItem#removeProp#?,PropListItem,int#783	0.0	0.0	0.0		_
com.google.javascript.jscomp.parsing.IRFactory#int#transformTokenType#?,int#1030	0.0	0.0	0.0		_
com.google.javascript.jscomp.parsing.IRFactory#int#transformTokenType#?,int#1032	0.0	0.0	0.0		_
com.google.javascript.jscomp.parsing.IRFactory#int#transformTokenType#?,int#1034	0.0	0.0	0.0		_
com.google.javascript.jscomp.parsing.IRFactory#int#transformTokenType#?,int#1036	0.0	0.0	0.0		_
com.google.javascript.jscomp.parsing.IRFactory#int#transformTokenType#?,int#1038	0.0	0.0	0.0		_
com.google.javascript.jscomp.parsing.TypeSafeDispatcher#T#process#?,AstNode#221	0.0	0.0	0.0		_
com.google.javascript.jscomp.parsing.IRFactory#int#transformTokenType#?,int#968	0.0	0.0	0.0		_
com.google.javascript.jscomp.parsing.IRFactory#int#transformTokenType#?,int#966	0.0	0.0	0.0		_
com.google.javascript.jscomp.parsing.IRFactory#int#transformTokenType#?,int#964	0.0	0.0	0.0		_
com.google.javascript.jscomp.parsing.TypeSafeDispatcher#T#process#?,AstNode#220	0.0	0.0	0.0		_
com.google.javascript.jscomp.parsing.IRFactory#int#transformTokenType#?,int#1048	0.0	0.0	0.0		_
com.google.javascript.rhino.Node#Object#getProp#?,int#796	0.0	0.0	0.0		_
com.google.javascript.jscomp.parsing.IRFactory#int#transformTokenType#?,int#1150	0.0	0.0	0.0		_
com.google.javascript.jscomp.parsing.IRFactory#int#transformTokenType#?,int#1152	0.0	0.0	0.0		_
com.google.javascript.jscomp.parsing.IRFactory$TransformDispatcher#Node#processGeneric#?,com.google.javascript.jscomp.mozilla.rhino.Node#281	0.0	0.0	0.0		_
com.google.javascript.jscomp.parsing.IRFactory$TransformDispatcher#Node#processGeneric#?,com.google.javascript.jscomp.mozilla.rhino.Node#282	0.0	0.0	0.0		_
com.google.javascript.jscomp.parsing.TypeSafeDispatcher#T#process#?,AstNode#203	0.0	0.0	0.0		_
com.google.javascript.jscomp.parsing.TypeSafeDispatcher#T#process#?,AstNode#204	0.0	0.0	0.0		_
com.google.javascript.jscomp.parsing.TypeSafeDispatcher#T#process#?,AstNode#201	0.0	0.0	0.0		_
com.google.javascript.jscomp.parsing.TypeSafeDispatcher#T#process#?,AstNode#202	0.0	0.0	0.0		_
com.google.javascript.jscomp.parsing.IRFactory$TransformDispatcher#Node#processFunctionNode#?,FunctionNode#545	0.0	0.0	0.0		_
com.google.javascript.jscomp.parsing.IRFactory#int#transformTokenType#?,int#996	0.0	0.0	0.0		_
com.google.javascript.jscomp.parsing.IRFactory#int#transformTokenType#?,int#998	0.0	0.0	0.0		_
com.google.javascript.jscomp.parsing.IRFactory#int#transformTokenType#?,int#992	0.0	0.0	0.0		_
com.google.javascript.jscomp.parsing.IRFactory#int#transformTokenType#?,int#994	0.0	0.0	0.0		_
com.google.javascript.jscomp.parsing.IRFactory#int#transformTokenType#?,int#990	0.0	0.0	0.0		_
com.google.javascript.jscomp.parsing.IRFactory$TransformDispatcher#Node#processFunctionNode#?,FunctionNode#554	0.0	0.0	0.0		_
com.google.javascript.jscomp.parsing.IRFactory$TransformDispatcher#Node#processFunctionNode#?,FunctionNode#553	0.0	0.0	0.0		_
com.google.javascript.jscomp.parsing.IRFactory#void#setFileOverviewJsDoc#?,Node#151	0.0	0.0	0.0		_
com.google.javascript.jscomp.parsing.IRFactory#void#setFileOverviewJsDoc#?,Node#155	0.0	0.0	0.0		_
