line	original_score	max_predicate_score	total	predicate	label
com.google.javascript.jscomp.testing.TestErrorReporter#boolean#hasEncounteredAllErrors#?#84	0.10721125348377948	0.0	0.05360562674188974		_
com.google.javascript.jscomp.parsing.ParserRunner#Node#parse#?,String,String,Config,ErrorReporter,Logger#106	0.013406223004292965	0.08391813582966891	0.048662179416980936	config.isIdeMode	_
com.google.javascript.jscomp.parsing.ParserRunner#Node#parse#?,String,String,Config,ErrorReporter,Logger#108	0.08391813582966891	0.0	0.041959067914834454		_
com.google.javascript.jscomp.parsing.ParserRunner#Node#parse#?,String,String,Config,ErrorReporter,Logger#107	0.08391813582966891	0.0	0.041959067914834454		_
com.google.javascript.jscomp.testing.TestErrorReporter#?#TestErrorReporter#?,String[],String[]#44	0.04271788288583805	0.0	0.021358941442919024		_
com.google.javascript.jscomp.testing.TestErrorReporter#?#TestErrorReporter#?,String[],String[]#45	0.04271788288583805	0.0	0.021358941442919024		_
com.google.javascript.rhino.Node#int#mergeLineCharNo#?,int,int#1148	0.021190435947906452	0.021190435947906452	0.021190435947906452	(-1)<= 0	_
com.google.javascript.jscomp.parsing.IRFactory$TransformDispatcher#Node#processFunctionNode#?,FunctionNode#523	0.014885633885281127	0.022151233248863027	0.018518433567072078	isUnnamedFunction	_
com.google.javascript.jscomp.parsing.IRFactory$TransformDispatcher#Node#processFunctionNode#?,FunctionNode#516	0.014885633885281127	0.022151233248863027	0.018518433567072078	name == null	_
com.google.javascript.jscomp.parsing.IRFactory$TransformDispatcher#Node#processFunctionNode#?,FunctionNode#544	0.014885633885281127	0.022151233248863027	0.018518433567072078	!(fnName != null)	_
com.google.javascript.rhino.Node#void#setLineno#?,int#1133	0.013312051063847861	0.022151233248863027	0.017731642156355445	sourcePosition < charno	_
com.google.javascript.rhino.Node#void#setLineno#?,int#1131	0.013312051063847861	0.022151233248863027	0.017731642156355445	charno > lineno	_
com.google.javascript.jscomp.parsing.TypeSafeDispatcher#T#process#?,AstNode#198	0.03537745688386125	0.0	0.017688728441930625		_
com.google.javascript.jscomp.parsing.IRFactory$TransformDispatcher#Node#processEmptyExpression#?,EmptyExpression#468	0.03537745688386125	0.0	0.017688728441930625		_
com.google.javascript.jscomp.parsing.IRFactory$TransformDispatcher#Node#processEmptyExpression#?,EmptyExpression#467	0.03537745688386125	0.0	0.017688728441930625		_
com.google.javascript.rhino.Node#void#setCharno#?,int#1137	0.013313230739605759	0.02155152393519773	0.017432377337401744	sourcePosition == charno	_
com.google.javascript.rhino.Node#int#mergeLineCharNo#?,int,int#1147	0.012973890370337072	0.021190435947906452	0.017082163159121762	lineno < 0 || charno < 0	_
com.google.javascript.jscomp.parsing.TypeSafeDispatcher#T#process#?,AstNode#171	0.01461451122986416	0.014828245646514833	0.014721378438189497	node instanceof Block	_
com.google.javascript.jscomp.parsing.IRFactory#Node#transformTree#?,AstRoot,String,Config,ErrorReporter#132	0.013313230739605759	0.01578182506843426	0.01454752790402001	!(node.getComments() != null)	_
com.google.javascript.jscomp.parsing.IRFactory#Node#transform#?,AstNode#213	0.013313230739605759	0.014885633885281127	0.014099432312443443	irNode.getType() == Token.FUNCTION && irNode.getFirstChild().getLineno() != -1	_
com.google.javascript.jscomp.parsing.IRFactory$TransformDispatcher#boolean#isDirective#?,Node#389	0.013313230739605759	0.014723405481714223	0.01401831811065999	n == null	_
com.google.javascript.rhino.Node#int#extractCharno#?,int#1176	0.013593181195675921	0.013634814313670873	0.013613997754673396	(lineCharNo & COLUMN_MASK)!= 0	_
com.google.javascript.jscomp.parsing.ParserRunner#Node#parse#?,String,String,Config,ErrorReporter,Logger#121	0.013406223004292965	0.013432805897101947	0.013419514450697455	astRoot != null	_
com.google.javascript.rhino.Node#PropListItem#removeProp#?,PropListItem,int#782	0.013401406685472435	0.013401406685472435	0.013401406685472435	!(result != item.next)	_
com.google.javascript.rhino.Node#PropListItem#removeProp#?,PropListItem,int#778	0.01340020341663181	0.013401406685472435	0.013400805051052123	!(item.type == propType)	_
com.google.javascript.rhino.Node#int#getCharno#?#863	0.013102435641608368	0.013637349844016112	0.01336989274281224	(extractCharno(sourcePosition))> 0	_
com.google.javascript.rhino.Node#int#extractCharno#?,int#1173	0.013099062926556151	0.013593181195675921	0.013346122061116036	!(lineCharNo == -1)	_
com.google.javascript.jscomp.parsing.IRFactory#int#position2charno#?,int#265	0.013313230739605759	0.013354718003583399	0.01333397437159458	lineIndex == -1	_
com.google.javascript.jscomp.parsing.IRFactory#void#setFileOverviewJsDoc#?,Node#150	0.013313230739605759	0.013316771649479872	0.013315001194542816	!(fileOverviewInfo != null)	_
com.google.javascript.jscomp.parsing.IRFactory#Node#transform#?,AstNode#208	0.013313230739605759	0.013313230739605759	0.013313230739605759	!(jsDocInfo != null)	_
com.google.javascript.jscomp.parsing.IRFactory#JSDocInfo#handleJsDoc#?,AstNode#195	0.013313230739605759	0.013313230739605759	0.013313230739605759	!(comment != null)	_
com.google.javascript.jscomp.parsing.IRFactory$TransformDispatcher#void#parseDirectives#?,Node#383	0.013313230739605759	0.013313230739605759	0.013313230739605759	!(directives != null)	_
com.google.javascript.jscomp.parsing.IRFactory#Node#transform#?,AstNode#218	0.013313230739605759	0.013313230739605759	0.013313230739605759	irNode.getLineno() == -1	_
com.google.javascript.rhino.Node#void#setLineno#?,int#1130	0.013312051063847861	0.013312051063847861	0.013312051063847861	charno == -1	_
com.google.javascript.jscomp.parsing.ParserRunner#void#initResourceConfig#?#65	0.013287350086318348	0.013326227906059036	0.013306788996188692	annotationNames != null	_
com.google.javascript.rhino.Node#int#extractCharno#?,int#1174	0.013297919370836938	0.013297919370836938	0.013297919370836938	(-1)<= 0	_
com.google.javascript.rhino.Node#int#extractLineno#?,int#1162	0.013297919370836938	0.013297919370836938	0.013297919370836938	(-1)<= 0	_
com.google.javascript.rhino.Node#int#extractLineno#?,int#1164	0.013113696868991484	0.01336186912484746	0.013237782996919472	(lineCharNo >>> COLUMN_BITS)!= 0	_
com.google.javascript.rhino.Node#int#getLineno#?#859	0.013102435641608368	0.013364255385983525	0.013233345513795947	(extractLineno(sourcePosition))> 0	_
com.google.javascript.rhino.Node#void#putIntProp#?,int,int#836	0.013205995826747507	0.013207147529172122	0.013206571677959814	value != 0	_
com.google.javascript.rhino.Node#Object#getProp#?,int#793	0.013199091933711365	0.013199091933711365	0.013199091933711365	item == null	_
com.google.javascript.rhino.Node#int#extractLineno#?,int#1161	0.013099062926556151	0.013297919370836938	0.013198491148696544	lineCharNo == -1	_
com.google.javascript.rhino.Node$StringNode#?#StringNode#?,int,String#278	0.01318073435607412	0.01318073435607412	0.01318073435607412	!(null == str)	_
com.google.javascript.rhino.Node#void#addChildToBack#?,Node#606	0.013048782719527278	0.013268622310856881	0.01315870251519208	!(last == null)	_
com.google.javascript.rhino.Node#PropListItem#removeProp#?,PropListItem,int#776	0.01278379428442847	0.01340020341663181	0.01309199885053014	!(item == null)	_
com.google.javascript.rhino.Node#void#putProp#?,int,Object#825	0.012844815128956886	0.013232561463778027	0.013038688296367456	!(value != null)	_
com.google.javascript.rhino.Node#int#getType#?#536	0.01298591791445427	0.01298591791445427	0.01298591791445427	(type)> 0	_
com.google.javascript.rhino.Node#int#mergeLineCharNo#?,int,int#1152	0.012976074710847597	0.012991396049232619	0.012983735380040107	(lineno << COLUMN_BITS | (charno & COLUMN_MASK))> 0	_
com.google.javascript.rhino.Node#int#mergeLineCharNo#?,int,int#1149	0.012974982402692051	0.012976074710847597	0.012975528556769825	!((charno & ~COLUMN_MASK) != 0)	_
com.google.javascript.jscomp.parsing.Config#Map<String,Annotation>#buildAnnotationNames#?,Set<String>#87	0.012883132528016617	0.012883132528016617	0.012883132528016617	!(!Annotation.recognizedAnnotations.containsKey(unrecognizedAnnotation))	_
com.google.javascript.rhino.Node$PropListItem#?#PropListItem#?,int,int,Object,PropListItem#361	0.012849055741528328	0.012849055741528328	0.012849055741528328	this.intValue >= intValue	_
com.google.javascript.rhino.Node$PropListItem#?#PropListItem#?,int,int,Object,PropListItem#360	0.012849055741528328	0.012849055741528328	0.012849055741528328	this.type <= type	_
com.google.javascript.rhino.Node#void#removeProp#?,int#764	0.01278379428442847	0.01278379428442847	0.01278379428442847	!(result != propListHead)	_
com.google.javascript.rhino.Node#?#Node#?,int#369	0.012694894822438666	0.012694894822438666	0.012694894822438666	type == nodeType	_
com.google.javascript.rhino.Node#?#Node#?,int#371	0.012694894822438666	0.012694894822438666	0.012694894822438666	sourcePosition <= nodeType	_
com.google.javascript.jscomp.parsing.IRFactory$TransformDispatcher#Node#processFunctionNode#?,FunctionNode#526	0.022151233248863027	0.0	0.011075616624431513		_
com.google.javascript.jscomp.parsing.IRFactory$TransformDispatcher#Node#processFunctionNode#?,FunctionNode#530	0.022151233248863027	0.0	0.011075616624431513		_
com.google.javascript.jscomp.parsing.IRFactory$TransformDispatcher#Node#processFunctionNode#?,FunctionNode#532	0.022151233248863027	0.0	0.011075616624431513		_
com.google.javascript.jscomp.parsing.IRFactory$TransformDispatcher#Node#processFunctionNode#?,FunctionNode#519	0.022151233248863027	0.0	0.011075616624431513		_
com.google.javascript.jscomp.parsing.IRFactory$TransformDispatcher#Node#processFunctionNode#?,FunctionNode#518	0.022151233248863027	0.0	0.011075616624431513		_
com.google.javascript.jscomp.parsing.IRFactory$TransformDispatcher#Node#processFunctionNode#?,FunctionNode#517	0.022151233248863027	0.0	0.011075616624431513		_
com.google.javascript.jscomp.parsing.IRFactory$TransformDispatcher#Node#processFunctionNode#?,FunctionNode#547	0.022151233248863027	0.0	0.011075616624431513		_
com.google.javascript.jscomp.parsing.IRFactory$TransformDispatcher#Node#processFunctionNode#?,FunctionNode#521	0.014885633885281127	0.0	0.007442816942640563		_
com.google.javascript.jscomp.parsing.IRFactory$TransformDispatcher#Node#processFunctionNode#?,FunctionNode#522	0.014885633885281127	0.0	0.007442816942640563		_
com.google.javascript.jscomp.parsing.IRFactory$TransformDispatcher#Node#processFunctionNode#?,FunctionNode#535	0.014885633885281127	0.0	0.007442816942640563		_
com.google.javascript.jscomp.parsing.IRFactory$TransformDispatcher#Node#processFunctionNode#?,FunctionNode#536	0.014885633885281127	0.0	0.007442816942640563		_
com.google.javascript.jscomp.parsing.IRFactory$TransformDispatcher#Node#processFunctionNode#?,FunctionNode#515	0.014885633885281127	0.0	0.007442816942640563		_
com.google.javascript.jscomp.parsing.IRFactory$TransformDispatcher#Node#processFunctionNode#?,FunctionNode#514	0.014885633885281127	0.0	0.007442816942640563		_
com.google.javascript.jscomp.parsing.TypeSafeDispatcher#T#process#?,AstNode#229	0.014885633885281127	0.0	0.007442816942640563		_
com.google.javascript.jscomp.parsing.IRFactory$TransformDispatcher#Node#processFunctionNode#?,FunctionNode#561	0.014885633885281127	0.0	0.007442816942640563		_
com.google.javascript.jscomp.parsing.IRFactory$TransformDispatcher#Node#processFunctionNode#?,FunctionNode#560	0.014885633885281127	0.0	0.007442816942640563		_
com.google.javascript.jscomp.parsing.IRFactory#Node#transform#?,AstNode#215	0.014885633885281127	0.0	0.007442816942640563		_
com.google.javascript.jscomp.parsing.IRFactory#Node#transform#?,AstNode#216	0.014885633885281127	0.0	0.007442816942640563		_
com.google.javascript.jscomp.parsing.IRFactory$TransformDispatcher#Node#processFunctionNode#?,FunctionNode#543	0.014885633885281127	0.0	0.007442816942640563		_
com.google.javascript.jscomp.parsing.IRFactory$TransformDispatcher#Node#processFunctionNode#?,FunctionNode#549	0.014885633885281127	0.0	0.007442816942640563		_
com.google.javascript.jscomp.parsing.IRFactory$TransformDispatcher#Node#processFunctionNode#?,FunctionNode#556	0.014885633885281127	0.0	0.007442816942640563		_
com.google.javascript.jscomp.parsing.IRFactory$TransformDispatcher#Node#processFunctionNode#?,FunctionNode#558	0.014885633885281127	0.0	0.007442816942640563		_
com.google.javascript.jscomp.parsing.IRFactory$TransformDispatcher#Node#processFunctionNode#?,FunctionNode#559	0.014885633885281127	0.0	0.007442816942640563		_
com.google.javascript.jscomp.parsing.IRFactory$TransformDispatcher#Node#processFunctionNode#?,FunctionNode#552	0.014885633885281127	0.0	0.007442816942640563		_
com.google.javascript.jscomp.parsing.TypeSafeDispatcher#T#process#?,AstNode#172	0.014828245646514833	0.0	0.007414122823257417		_
com.google.javascript.jscomp.parsing.IRFactory$TransformDispatcher#Node#processBlock#?,Block#399	0.014828245646514833	0.0	0.007414122823257417		_
com.google.javascript.jscomp.parsing.IRFactory#int#transformTokenType#?,int#1196	0.01461451122986416	0.0	0.00730725561493208		_
com.google.javascript.jscomp.parsing.IRFactory$TransformDispatcher#Node#processGeneric#?,com.google.javascript.jscomp.mozilla.rhino.Node#280	0.01461451122986416	0.0	0.00730725561493208		_
com.google.javascript.jscomp.parsing.IRFactory$TransformDispatcher#Node#processGeneric#?,com.google.javascript.jscomp.mozilla.rhino.Node#284	0.01461451122986416	0.0	0.00730725561493208		_
com.google.javascript.jscomp.parsing.IRFactory#int#transformTokenType#?,int#942	0.013466868491648147	0.0	0.006733434245824074		_
com.google.javascript.jscomp.parsing.ParserRunner#Node#parse#?,String,String,Config,ErrorReporter,Logger#122	0.013432805897101947	0.0	0.006716402948550974		_
com.google.javascript.jscomp.parsing.ParserRunner#Node#parse#?,String,String,Config,ErrorReporter,Logger#124	0.013432805897101947	0.0	0.006716402948550974		_
com.google.javascript.jscomp.parsing.ParserRunner#Node#parse#?,String,String,Config,ErrorReporter,Logger#104	0.013406223004292965	0.0	0.006703111502146483		_
com.google.javascript.jscomp.parsing.ParserRunner#Node#parse#?,String,String,Config,ErrorReporter,Logger#105	0.013406223004292965	0.0	0.006703111502146483		_
com.google.javascript.jscomp.parsing.ParserRunner#Node#parse#?,String,String,Config,ErrorReporter,Logger#102	0.013406223004292965	0.0	0.006703111502146483		_
com.google.javascript.jscomp.parsing.ParserRunner#Node#parse#?,String,String,Config,ErrorReporter,Logger#103	0.013406223004292965	0.0	0.006703111502146483		_
com.google.javascript.jscomp.parsing.ParserRunner#Node#parse#?,String,String,Config,ErrorReporter,Logger#100	0.013406223004292965	0.0	0.006703111502146483		_
com.google.javascript.jscomp.parsing.ParserRunner#Node#parse#?,String,String,Config,ErrorReporter,Logger#101	0.013406223004292965	0.0	0.006703111502146483		_
com.google.javascript.jscomp.parsing.ParserRunner#Node#parse#?,String,String,Config,ErrorReporter,Logger#120	0.013406223004292965	0.0	0.006703111502146483		_
com.google.javascript.jscomp.parsing.ParserRunner#Node#parse#?,String,String,Config,ErrorReporter,Logger#126	0.013406223004292965	0.0	0.006703111502146483		_
com.google.javascript.jscomp.parsing.ParserRunner#Node#parse#?,String,String,Config,ErrorReporter,Logger#118	0.013406223004292965	0.0	0.006703111502146483		_
com.google.javascript.jscomp.parsing.ParserRunner#Node#parse#?,String,String,Config,ErrorReporter,Logger#111	0.013406223004292965	0.0	0.006703111502146483		_
com.google.javascript.jscomp.parsing.ParserRunner#Node#parse#?,String,String,Config,ErrorReporter,Logger#112	0.013406223004292965	0.0	0.006703111502146483		_
com.google.javascript.jscomp.parsing.ParserRunner#Node#parse#?,String,String,Config,ErrorReporter,Logger#114	0.013406223004292965	0.0	0.006703111502146483		_
com.google.javascript.jscomp.parsing.ParserRunner#Node#parse#?,String,String,Config,ErrorReporter,Logger#99	0.013406223004292965	0.0	0.006703111502146483		_
com.google.javascript.jscomp.parsing.ParserRunner#Node#parse#?,String,String,Config,ErrorReporter,Logger#98	0.013406223004292965	0.0	0.006703111502146483		_
com.google.javascript.rhino.Node#PropListItem#removeProp#?,PropListItem,int#781	0.013401406685472435	0.0	0.006700703342736218		_
com.google.javascript.rhino.Node#PropListItem#removeProp#?,PropListItem,int#786	0.013401406685472435	0.0	0.006700703342736218		_
com.google.javascript.jscomp.parsing.TypeSafeDispatcher#T#process#?,AstNode#243	0.013371421847515275	0.0	0.006685710923757637		_
com.google.javascript.jscomp.parsing.IRFactory$TransformDispatcher#Node#processName#?,Name#627	0.013371421847515275	0.0	0.006685710923757637		_
com.google.javascript.jscomp.parsing.IRFactory#Node#newStringNode#?,int,String#1276	0.013369031746173899	0.0	0.006684515873086949		_
com.google.javascript.jscomp.parsing.IRFactory#int#position2charno#?,int#266	0.013354718003583399	0.0	0.0066773590017916995		_
com.google.javascript.jscomp.parsing.ParserRunner#void#initResourceConfig#?#66	0.013326227906059036	0.0	0.006663113953029518		_
com.google.javascript.jscomp.parsing.IRFactory$TransformDispatcher#boolean#isDirective#?,Node#391	0.013319133826287714	0.0	0.006659566913143857		_
com.google.javascript.jscomp.parsing.IRFactory$TransformDispatcher#boolean#isDirective#?,Node#392	0.013319133826287714	0.0	0.006659566913143857		_
com.google.javascript.jscomp.parsing.IRFactory$TransformDispatcher#Node#processAstRoot#?,AstRoot#356	0.013319133826287714	0.0	0.006659566913143857		_
com.google.javascript.jscomp.parsing.IRFactory$TransformDispatcher#Node#processAstRoot#?,AstRoot#355	0.013319133826287714	0.0	0.006659566913143857		_
com.google.javascript.jscomp.parsing.TypeSafeDispatcher#T#process#?,AstNode#255	0.013313230739605759	0.0	0.0066566153698028796		_
com.google.javascript.jscomp.parsing.IRFactory#Node#transform#?,AstNode#206	0.013313230739605759	0.0	0.0066566153698028796		_
com.google.javascript.jscomp.parsing.IRFactory#Node#transform#?,AstNode#207	0.013313230739605759	0.0	0.0066566153698028796		_
com.google.javascript.jscomp.parsing.IRFactory#int#position2charno#?,int#264	0.013313230739605759	0.0	0.0066566153698028796		_
com.google.javascript.jscomp.parsing.IRFactory#?#IRFactory#?,String,String,Config,ErrorReporter#111	0.013313230739605759	0.0	0.0066566153698028796		_
com.google.javascript.jscomp.parsing.IRFactory#JSDocInfo#handleJsDoc#?,AstNode#194	0.013313230739605759	0.0	0.0066566153698028796		_
com.google.javascript.jscomp.parsing.IRFactory#?#IRFactory#?,String,String,Config,ErrorReporter#108	0.013313230739605759	0.0	0.0066566153698028796		_
com.google.javascript.jscomp.parsing.IRFactory#?#IRFactory#?,String,String,Config,ErrorReporter#109	0.013313230739605759	0.0	0.0066566153698028796		_
com.google.javascript.jscomp.parsing.IRFactory#?#IRFactory#?,String,String,Config,ErrorReporter#107	0.013313230739605759	0.0	0.0066566153698028796		_
com.google.javascript.jscomp.parsing.IRFactory#?#IRFactory#?,String,String,Config,ErrorReporter#106	0.013313230739605759	0.0	0.0066566153698028796		_
com.google.javascript.jscomp.parsing.IRFactory#?#IRFactory#?,String,String,Config,ErrorReporter#105	0.013313230739605759	0.0	0.0066566153698028796		_
com.google.javascript.jscomp.parsing.IRFactory#Node#transformTree#?,AstRoot,String,Config,ErrorReporter#130	0.013313230739605759	0.0	0.0066566153698028796		_
com.google.javascript.jscomp.parsing.IRFactory$TransformDispatcher#void#parseDirectives#?,Node#373	0.013313230739605759	0.0	0.0066566153698028796		_
com.google.javascript.jscomp.parsing.IRFactory#Node#newNode#?,int#1256	0.013313230739605759	0.0	0.0066566153698028796		_
com.google.javascript.jscomp.parsing.IRFactory#Node#transformTree#?,AstRoot,String,Config,ErrorReporter#140	0.013313230739605759	0.0	0.0066566153698028796		_
com.google.javascript.jscomp.parsing.IRFactory#Node#transformTree#?,AstRoot,String,Config,ErrorReporter#142	0.013313230739605759	0.0	0.0066566153698028796		_
com.google.javascript.jscomp.parsing.TypeSafeDispatcher#T#process#?,AstNode#119	0.013313230739605759	0.0	0.0066566153698028796		_
com.google.javascript.jscomp.parsing.IRFactory#void#setFileOverviewJsDoc#?,Node#149	0.013313230739605759	0.0	0.0066566153698028796		_
com.google.javascript.jscomp.parsing.IRFactory#Node#justTransform#?,AstNode#274	0.013313230739605759	0.0	0.0066566153698028796		_
com.google.javascript.jscomp.parsing.IRFactory#Node#createTemplateNode#?#120	0.013313230739605759	0.0	0.0066566153698028796		_
com.google.javascript.jscomp.parsing.IRFactory#Node#transform#?,AstNode#223	0.013313230739605759	0.0	0.0066566153698028796		_
com.google.javascript.jscomp.parsing.IRFactory#Node#createTemplateNode#?#121	0.013313230739605759	0.0	0.0066566153698028796		_
com.google.javascript.jscomp.parsing.IRFactory#Node#transform#?,AstNode#224	0.013313230739605759	0.0	0.0066566153698028796		_
com.google.javascript.jscomp.parsing.IRFactory#Node#transform#?,AstNode#222	0.013313230739605759	0.0	0.0066566153698028796		_
com.google.javascript.jscomp.parsing.IRFactory#Node#transform#?,AstNode#228	0.013313230739605759	0.0	0.0066566153698028796		_
com.google.javascript.jscomp.parsing.IRFactory#Node#transform#?,AstNode#225	0.013313230739605759	0.0	0.0066566153698028796		_
com.google.javascript.jscomp.parsing.IRFactory#JSDocInfo#handleJsDoc#?,AstNode#202	0.013313230739605759	0.0	0.0066566153698028796		_
com.google.javascript.jscomp.parsing.IRFactory#Node#createTemplateNode#?#119	0.013313230739605759	0.0	0.0066566153698028796		_
com.google.javascript.jscomp.parsing.IRFactory$TransformDispatcher#Node#processAstRoot#?,AstRoot#358	0.013313230739605759	0.0	0.0066566153698028796		_
com.google.javascript.jscomp.parsing.IRFactory$TransformDispatcher#Node#processAstRoot#?,AstRoot#359	0.013313230739605759	0.0	0.0066566153698028796		_
com.google.javascript.jscomp.parsing.IRFactory$TransformDispatcher#Node#processAstRoot#?,AstRoot#354	0.013313230739605759	0.0	0.0066566153698028796		_
com.google.javascript.jscomp.parsing.IRFactory#Node#transformTree#?,AstRoot,String,Config,ErrorReporter#128	0.013313230739605759	0.0	0.0066566153698028796		_
com.google.javascript.rhino.Node#void#setLineno#?,int#1129	0.013312051063847861	0.0	0.0066560255319239306		_
com.google.javascript.rhino.Node#void#setIsSyntheticBlock#?,boolean#2012	0.013292044433783767	0.0	0.0066460222168918835		_
com.google.javascript.jscomp.parsing.ParserRunner#Config#createConfig#?,boolean,boolean,boolean#59	0.013287350086318348	0.0	0.006643675043159174		_
com.google.javascript.jscomp.parsing.ParserRunner#Config#createConfig#?,boolean,boolean,boolean#60	0.013287350086318348	0.0	0.006643675043159174		_
com.google.javascript.rhino.Node#void#addChildToBack#?,Node#611	0.013268622310856881	0.0	0.0066343111554284405		_
com.google.javascript.rhino.Node#void#addChildToBack#?,Node#610	0.013268622310856881	0.0	0.0066343111554284405		_
com.google.javascript.rhino.Node#FileLevelJsDocBuilder#getJsDocBuilderForNode#?#1927	0.013262786101068994	0.0	0.006631393050534497		_
com.google.javascript.rhino.Node#void#setJSDocInfo#?,JSDocInfo#1968	0.013262786101068994	0.0	0.006631393050534497		_
com.google.javascript.rhino.Node$PropListItem#?#PropListItem#?,int,int,PropListItem#351	0.013207147529172122	0.0	0.006603573764586061		_
com.google.javascript.rhino.Node#void#putBooleanProp#?,int,boolean#831	0.013207147529172122	0.0	0.006603573764586061		_
com.google.javascript.rhino.Node#void#putIntProp#?,int,int#837	0.013207147529172122	0.0	0.006603573764586061		_
com.google.javascript.rhino.Node#void#putIntProp#?,int,int#835	0.013205995826747507	0.0	0.006602997913373754		_
com.google.javascript.rhino.Node#Node#newString#?,int,String#524	0.013203693325496157	0.0	0.006601846662748078		_
com.google.javascript.rhino.Node#JSDocInfo#getJSDocInfo#?#1961	0.013200241830645526	0.0	0.006600120915322763		_
com.google.javascript.rhino.Node#Object#getProp#?,int#794	0.013199091933711365	0.0	0.006599545966855682		_
com.google.javascript.rhino.Node#Object#getProp#?,int#792	0.013199091933711365	0.0	0.006599545966855682		_
com.google.javascript.rhino.Node$StringNode#?#StringNode#?,int,String#281	0.01318073435607412	0.0	0.00659036717803706		_
com.google.javascript.rhino.Node$StringNode#?#StringNode#?,int,String#277	0.01318073435607412	0.0	0.00659036717803706		_
com.google.javascript.rhino.Node#void#addChildToBack#?,Node#607	0.013053228642218303	0.0	0.0065266143211091514		_
com.google.javascript.rhino.Node#void#addChildToBack#?,Node#608	0.013053228642218303	0.0	0.0065266143211091514		_
com.google.javascript.rhino.Node#void#addChildToBack#?,Node#602	0.013048782719527278	0.0	0.006524391359763639		_
com.google.javascript.rhino.Node#void#addChildToBack#?,Node#603	0.013048782719527278	0.0	0.006524391359763639		_
com.google.javascript.rhino.Node#void#addChildToBack#?,Node#604	0.013048782719527278	0.0	0.006524391359763639		_
com.google.javascript.rhino.Node#void#addChildToBack#?,Node#605	0.013048782719527278	0.0	0.006524391359763639		_
com.google.javascript.rhino.Node#Node#clonePropsFrom#?,Node#759	0.013023306526765581	0.0	0.0065116532633827905		_
com.google.javascript.rhino.Node#Node#clonePropsFrom#?,Node#758	0.013023306526765581	0.0	0.0065116532633827905		_
com.google.javascript.rhino.Node#Node#clonePropsFrom#?,Node#756	0.013023306526765581	0.0	0.0065116532633827905		_
com.google.javascript.rhino.Node#Node#getFirstChild#?#548	0.013006771787532007	0.0	0.0065033858937660035		_
com.google.javascript.rhino.Node#void#putProp#?,int,Object#826	0.0130034723907544	0.0	0.0065017361953772		_
com.google.javascript.rhino.Node$PropListItem#?#PropListItem#?,int,Object,PropListItem#355	0.0130034723907544	0.0	0.0065017361953772		_
com.google.javascript.rhino.Node#PropListItem#lookupProperty#?,int#741	0.012961896184130316	0.0	0.006480948092065158		_
com.google.javascript.rhino.Node#PropListItem#lookupProperty#?,int#745	0.012961896184130316	0.0	0.006480948092065158		_
com.google.javascript.jscomp.parsing.Config#Map<String,Annotation>#buildAnnotationNames#?,Set<String>#89	0.012883132528016617	0.0	0.006441566264008308		_
com.google.javascript.jscomp.parsing.Config#Map<String,Annotation>#buildAnnotationNames#?,Set<String>#86	0.012883132528016617	0.0	0.006441566264008308		_
com.google.javascript.jscomp.parsing.Config#Map<String,Annotation>#buildAnnotationNames#?,Set<String>#93	0.012876722477435864	0.0	0.006438361238717932		_
com.google.javascript.jscomp.parsing.Config#Map<String,Annotation>#buildAnnotationNames#?,Set<String>#85	0.012876722477435864	0.0	0.006438361238717932		_
com.google.javascript.jscomp.parsing.Config#Map<String,Annotation>#buildAnnotationNames#?,Set<String>#83	0.012876722477435864	0.0	0.006438361238717932		_
com.google.javascript.jscomp.parsing.Config#?#Config#?,Set<String>,Set<String>,boolean,boolean,boolean#73	0.012876722477435864	0.0	0.006438361238717932		_
com.google.javascript.jscomp.parsing.Config#?#Config#?,Set<String>,Set<String>,boolean,boolean,boolean#74	0.012876722477435864	0.0	0.006438361238717932		_
com.google.javascript.jscomp.parsing.Config#?#Config#?,Set<String>,Set<String>,boolean,boolean,boolean#71	0.012876722477435864	0.0	0.006438361238717932		_
com.google.javascript.jscomp.parsing.Config#?#Config#?,Set<String>,Set<String>,boolean,boolean,boolean#72	0.012876722477435864	0.0	0.006438361238717932		_
com.google.javascript.jscomp.parsing.Config#?#Config#?,Set<String>,Set<String>,boolean,boolean,boolean#70	0.012876722477435864	0.0	0.006438361238717932		_
com.google.javascript.jscomp.parsing.Config#?#Config#?,Set<String>,Set<String>,boolean,boolean,boolean#69	0.012876722477435864	0.0	0.006438361238717932		_
com.google.javascript.rhino.Node$PropListItem#?#PropListItem#?,int,int,Object,PropListItem#362	0.012849055741528328	0.0	0.006424527870764164		_
com.google.javascript.rhino.Node$PropListItem#?#PropListItem#?,int,int,Object,PropListItem#363	0.012849055741528328	0.0	0.006424527870764164		_
com.google.javascript.rhino.Node#void#putProp#?,int,Object#824	0.012844815128956886	0.0	0.006422407564478443		_
com.google.javascript.rhino.Node#void#removeProp#?,int#763	0.01278379428442847	0.0	0.006391897142214235		_
com.google.javascript.rhino.Node#PropListItem#removeProp#?,PropListItem,int#777	0.01278379428442847	0.0	0.006391897142214235		_
com.google.javascript.rhino.Node#?#Node#?,int#370	0.012694894822438666	0.0	0.006347447411219333		_
com.google.javascript.jscomp.parsing.TypeSafeDispatcher#T#process#?,AstNode#269	0.0	0.0	0.0		_
com.google.javascript.jscomp.parsing.TypeSafeDispatcher#T#process#?,AstNode#266	0.0	0.0	0.0		_
com.google.javascript.jscomp.parsing.ParserRunner#Set<String>#extractList#?,String#75	0.0	0.0	0.0		_
com.google.javascript.jscomp.parsing.TypeSafeDispatcher#T#process#?,AstNode#267	0.0	0.0	0.0		_
com.google.javascript.jscomp.parsing.ParserRunner#Set<String>#extractList#?,String#76	0.0	0.0	0.0		_
com.google.javascript.jscomp.parsing.TypeSafeDispatcher#T#process#?,AstNode#268	0.0	0.0	0.0		_
com.google.javascript.jscomp.parsing.TypeSafeDispatcher#T#process#?,AstNode#261	0.0	0.0	0.0		_
com.google.javascript.jscomp.parsing.IRFactory#int#transformTokenType#?,int#1247	0.0	0.0	0.0		_
com.google.javascript.jscomp.parsing.TypeSafeDispatcher#T#process#?,AstNode#263	0.0	0.0	0.0		_
com.google.javascript.jscomp.parsing.ParserRunner#Set<String>#extractList#?,String#80	0.0	0.0	0.0		_
com.google.javascript.jscomp.parsing.TypeSafeDispatcher#T#process#?,AstNode#259	0.0	0.0	0.0		_
com.google.javascript.jscomp.parsing.TypeSafeDispatcher#T#process#?,AstNode#190	0.0	0.0	0.0		_
com.google.javascript.jscomp.parsing.TypeSafeDispatcher#T#process#?,AstNode#257	0.0	0.0	0.0		_
com.google.javascript.jscomp.parsing.TypeSafeDispatcher#T#process#?,AstNode#194	0.0	0.0	0.0		_
com.google.javascript.jscomp.parsing.TypeSafeDispatcher#T#process#?,AstNode#196	0.0	0.0	0.0		_
com.google.javascript.jscomp.parsing.TypeSafeDispatcher#T#process#?,AstNode#253	0.0	0.0	0.0		_
com.google.javascript.jscomp.parsing.TypeSafeDispatcher#T#process#?,AstNode#251	0.0	0.0	0.0		_
com.google.javascript.jscomp.parsing.ParserRunner#Set<String>#extractList#?,String#78	0.0	0.0	0.0		_
com.google.javascript.jscomp.parsing.ParserRunner#Set<String>#extractList#?,String#77	0.0	0.0	0.0		_
com.google.javascript.jscomp.parsing.TypeSafeDispatcher#T#process#?,AstNode#184	0.0	0.0	0.0		_
com.google.javascript.rhino.Node#void#removeProp#?,int#765	0.0	0.0	0.0		_
com.google.javascript.jscomp.parsing.TypeSafeDispatcher#T#process#?,AstNode#187	0.0	0.0	0.0		_
com.google.javascript.rhino.Node#int#mergeLineCharNo#?,int,int#1150	0.0	0.0	0.0		_
com.google.javascript.jscomp.parsing.IRFactory#Node#transform#?,AstNode#209	0.0	0.0	0.0		_
com.google.javascript.jscomp.parsing.TypeSafeDispatcher#T#process#?,AstNode#182	0.0	0.0	0.0		_
com.google.javascript.jscomp.parsing.IRFactory#int#position2charno#?,int#269	0.0	0.0	0.0		_
com.google.javascript.rhino.Node#PropListItem#lookupProperty#?,int#742	0.0	0.0	0.0		_
com.google.javascript.rhino.Node#PropListItem#lookupProperty#?,int#743	0.0	0.0	0.0		_
com.google.javascript.jscomp.parsing.TypeSafeDispatcher#T#process#?,AstNode#279	0.0	0.0	0.0		_
com.google.javascript.jscomp.parsing.TypeSafeDispatcher#T#process#?,AstNode#277	0.0	0.0	0.0		_
com.google.javascript.jscomp.parsing.TypeSafeDispatcher#T#process#?,AstNode#173	0.0	0.0	0.0		_
com.google.javascript.jscomp.parsing.TypeSafeDispatcher#T#process#?,AstNode#174	0.0	0.0	0.0		_
com.google.javascript.jscomp.parsing.ParserRunner#Node#parse#?,String,String,Config,ErrorReporter,Logger#116	0.0	0.0	0.0		_
com.google.javascript.jscomp.parsing.ParserRunner#void#initResourceConfig#?#69	0.0	0.0	0.0		_
com.google.javascript.jscomp.parsing.IRFactory#int#transformTokenType#?,int#1146	0.0	0.0	0.0		_
com.google.javascript.jscomp.parsing.IRFactory#int#transformTokenType#?,int#1148	0.0	0.0	0.0		_
com.google.javascript.jscomp.parsing.IRFactory#int#transformTokenType#?,int#1004	0.0	0.0	0.0		_
com.google.javascript.jscomp.parsing.IRFactory#int#transformTokenType#?,int#1006	0.0	0.0	0.0		_
com.google.javascript.jscomp.parsing.IRFactory#int#transformTokenType#?,int#1205	0.0	0.0	0.0		_
com.google.javascript.jscomp.parsing.IRFactory#int#transformTokenType#?,int#1000	0.0	0.0	0.0		_
com.google.javascript.jscomp.parsing.IRFactory#int#transformTokenType#?,int#1140	0.0	0.0	0.0		_
com.google.javascript.jscomp.parsing.IRFactory#int#transformTokenType#?,int#1002	0.0	0.0	0.0		_
com.google.javascript.jscomp.parsing.IRFactory#int#transformTokenType#?,int#1008	0.0	0.0	0.0		_
com.google.javascript.jscomp.parsing.TypeSafeDispatcher#T#process#?,AstNode#169	0.0	0.0	0.0		_
com.google.javascript.jscomp.parsing.ParserRunner#void#initResourceConfig#?#70	0.0	0.0	0.0		_
com.google.javascript.jscomp.parsing.ParserRunner#void#initResourceConfig#?#71	0.0	0.0	0.0		_
com.google.javascript.jscomp.parsing.IRFactory#int#transformTokenType#?,int#1134	0.0	0.0	0.0		_
com.google.javascript.jscomp.parsing.IRFactory#int#transformTokenType#?,int#1132	0.0	0.0	0.0		_
com.google.javascript.jscomp.parsing.IRFactory#int#transformTokenType#?,int#1138	0.0	0.0	0.0		_
com.google.javascript.jscomp.parsing.IRFactory#int#transformTokenType#?,int#1136	0.0	0.0	0.0		_
com.google.javascript.jscomp.parsing.IRFactory#int#transformTokenType#?,int#1130	0.0	0.0	0.0		_
com.google.javascript.jscomp.parsing.TypeSafeDispatcher#T#process#?,AstNode#159	0.0	0.0	0.0		_
com.google.javascript.jscomp.parsing.IRFactory#int#transformTokenType#?,int#1124	0.0	0.0	0.0		_
com.google.javascript.jscomp.parsing.IRFactory#int#transformTokenType#?,int#1126	0.0	0.0	0.0		_
com.google.javascript.jscomp.parsing.IRFactory#int#transformTokenType#?,int#1120	0.0	0.0	0.0		_
com.google.javascript.jscomp.parsing.IRFactory#int#transformTokenType#?,int#1122	0.0	0.0	0.0		_
com.google.javascript.jscomp.parsing.IRFactory#int#transformTokenType#?,int#1020	0.0	0.0	0.0		_
com.google.javascript.jscomp.parsing.IRFactory#int#transformTokenType#?,int#1028	0.0	0.0	0.0		_
com.google.javascript.jscomp.parsing.TypeSafeDispatcher#T#process#?,AstNode#144	0.0	0.0	0.0		_
com.google.javascript.jscomp.parsing.IRFactory#JSDocInfo#handleJsDoc#?,AstNode#196	0.0	0.0	0.0		_
com.google.javascript.jscomp.parsing.IRFactory#int#transformTokenType#?,int#1128	0.0	0.0	0.0		_
com.google.javascript.jscomp.parsing.IRFactory#JSDocInfo#handleJsDoc#?,AstNode#197	0.0	0.0	0.0		_
com.google.javascript.jscomp.parsing.TypeSafeDispatcher#T#process#?,AstNode#146	0.0	0.0	0.0		_
com.google.javascript.jscomp.parsing.IRFactory#JSDocInfo#handleJsDoc#?,AstNode#198	0.0	0.0	0.0		_
com.google.javascript.jscomp.parsing.IRFactory#JSDocInfo#handleJsDoc#?,AstNode#199	0.0	0.0	0.0		_
com.google.javascript.jscomp.parsing.IRFactory#int#transformTokenType#?,int#1116	0.0	0.0	0.0		_
com.google.javascript.jscomp.parsing.IRFactory#int#transformTokenType#?,int#1010	0.0	0.0	0.0		_
com.google.javascript.jscomp.parsing.IRFactory#int#transformTokenType#?,int#1118	0.0	0.0	0.0		_
com.google.javascript.jscomp.parsing.TypeSafeDispatcher#T#process#?,AstNode#237	0.0	0.0	0.0		_
com.google.javascript.jscomp.parsing.IRFactory#int#transformTokenType#?,int#978	0.0	0.0	0.0		_
com.google.javascript.jscomp.parsing.IRFactory#int#transformTokenType#?,int#1190	0.0	0.0	0.0		_
com.google.javascript.jscomp.parsing.TypeSafeDispatcher#T#process#?,AstNode#239	0.0	0.0	0.0		_
com.google.javascript.jscomp.parsing.TypeSafeDispatcher#T#process#?,AstNode#233	0.0	0.0	0.0		_
com.google.javascript.jscomp.parsing.TypeSafeDispatcher#T#process#?,AstNode#235	0.0	0.0	0.0		_
com.google.javascript.jscomp.parsing.IRFactory#int#transformTokenType#?,int#1050	0.0	0.0	0.0		_
com.google.javascript.jscomp.parsing.IRFactory#Node#transformTree#?,AstRoot,String,Config,ErrorReporter#134	0.0	0.0	0.0		_
com.google.javascript.jscomp.parsing.IRFactory#int#transformTokenType#?,int#970	0.0	0.0	0.0		_
com.google.javascript.jscomp.parsing.IRFactory#Node#transformTree#?,AstRoot,String,Config,ErrorReporter#133	0.0	0.0	0.0		_
com.google.javascript.jscomp.parsing.IRFactory#int#transformTokenType#?,int#972	0.0	0.0	0.0		_
com.google.javascript.jscomp.parsing.TypeSafeDispatcher#T#process#?,AstNode#231	0.0	0.0	0.0		_
com.google.javascript.jscomp.parsing.IRFactory#int#transformTokenType#?,int#974	0.0	0.0	0.0		_
com.google.javascript.jscomp.parsing.IRFactory#int#transformTokenType#?,int#976	0.0	0.0	0.0		_
com.google.javascript.jscomp.parsing.IRFactory#Node#transformTree#?,AstRoot,String,Config,ErrorReporter#135	0.0	0.0	0.0		_
com.google.javascript.jscomp.parsing.TypeSafeDispatcher#T#process#?,AstNode#249	0.0	0.0	0.0		_
com.google.javascript.jscomp.parsing.TypeSafeDispatcher#T#process#?,AstNode#247	0.0	0.0	0.0		_
com.google.javascript.jscomp.parsing.TypeSafeDispatcher#T#process#?,AstNode#245	0.0	0.0	0.0		_
com.google.javascript.jscomp.parsing.IRFactory$TransformDispatcher#void#parseDirectives#?,Node#375	0.0	0.0	0.0		_
com.google.javascript.jscomp.parsing.IRFactory$TransformDispatcher#void#parseDirectives#?,Node#376	0.0	0.0	0.0		_
com.google.javascript.jscomp.parsing.IRFactory$TransformDispatcher#void#parseDirectives#?,Node#374	0.0	0.0	0.0		_
com.google.javascript.jscomp.parsing.IRFactory$TransformDispatcher#void#parseDirectives#?,Node#377	0.0	0.0	0.0		_
com.google.javascript.jscomp.parsing.IRFactory#int#transformTokenType#?,int#980	0.0	0.0	0.0		_
com.google.javascript.jscomp.parsing.IRFactory#int#transformTokenType#?,int#984	0.0	0.0	0.0		_
com.google.javascript.jscomp.parsing.TypeSafeDispatcher#T#process#?,AstNode#241	0.0	0.0	0.0		_
com.google.javascript.jscomp.parsing.IRFactory#int#transformTokenType#?,int#982	0.0	0.0	0.0		_
com.google.javascript.jscomp.parsing.IRFactory#int#transformTokenType#?,int#988	0.0	0.0	0.0		_
com.google.javascript.jscomp.parsing.IRFactory#int#transformTokenType#?,int#986	0.0	0.0	0.0		_
com.google.javascript.jscomp.parsing.TypeSafeDispatcher#T#process#?,AstNode#216	0.0	0.0	0.0		_
com.google.javascript.jscomp.parsing.IRFactory$TransformDispatcher#void#parseDirectives#?,Node#384	0.0	0.0	0.0		_
com.google.javascript.jscomp.parsing.TypeSafeDispatcher#T#process#?,AstNode#219	0.0	0.0	0.0		_
com.google.javascript.rhino.Node#PropListItem#removeProp#?,PropListItem,int#779	0.0	0.0	0.0		_
com.google.javascript.jscomp.parsing.TypeSafeDispatcher#T#process#?,AstNode#218	0.0	0.0	0.0		_
com.google.javascript.rhino.Node#PropListItem#removeProp#?,PropListItem,int#783	0.0	0.0	0.0		_
com.google.javascript.jscomp.parsing.IRFactory#int#transformTokenType#?,int#1030	0.0	0.0	0.0		_
com.google.javascript.jscomp.parsing.IRFactory#int#transformTokenType#?,int#1032	0.0	0.0	0.0		_
com.google.javascript.jscomp.parsing.IRFactory#int#transformTokenType#?,int#1034	0.0	0.0	0.0		_
com.google.javascript.jscomp.parsing.IRFactory#int#transformTokenType#?,int#1036	0.0	0.0	0.0		_
com.google.javascript.jscomp.parsing.IRFactory#int#transformTokenType#?,int#1038	0.0	0.0	0.0		_
com.google.javascript.jscomp.parsing.TypeSafeDispatcher#T#process#?,AstNode#221	0.0	0.0	0.0		_
com.google.javascript.jscomp.parsing.IRFactory#int#transformTokenType#?,int#968	0.0	0.0	0.0		_
com.google.javascript.jscomp.parsing.IRFactory#int#transformTokenType#?,int#966	0.0	0.0	0.0		_
com.google.javascript.jscomp.parsing.IRFactory#int#transformTokenType#?,int#964	0.0	0.0	0.0		_
com.google.javascript.jscomp.parsing.TypeSafeDispatcher#T#process#?,AstNode#220	0.0	0.0	0.0		_
com.google.javascript.jscomp.parsing.IRFactory#int#transformTokenType#?,int#1048	0.0	0.0	0.0		_
com.google.javascript.rhino.Node#Object#getProp#?,int#796	0.0	0.0	0.0		_
com.google.javascript.jscomp.parsing.IRFactory#int#transformTokenType#?,int#1150	0.0	0.0	0.0		_
com.google.javascript.jscomp.parsing.IRFactory#int#transformTokenType#?,int#1152	0.0	0.0	0.0		_
com.google.javascript.jscomp.parsing.IRFactory$TransformDispatcher#Node#processGeneric#?,com.google.javascript.jscomp.mozilla.rhino.Node#281	0.0	0.0	0.0		_
com.google.javascript.jscomp.parsing.IRFactory$TransformDispatcher#Node#processGeneric#?,com.google.javascript.jscomp.mozilla.rhino.Node#282	0.0	0.0	0.0		_
com.google.javascript.jscomp.parsing.TypeSafeDispatcher#T#process#?,AstNode#203	0.0	0.0	0.0		_
com.google.javascript.jscomp.parsing.TypeSafeDispatcher#T#process#?,AstNode#204	0.0	0.0	0.0		_
com.google.javascript.jscomp.parsing.TypeSafeDispatcher#T#process#?,AstNode#201	0.0	0.0	0.0		_
com.google.javascript.jscomp.parsing.TypeSafeDispatcher#T#process#?,AstNode#202	0.0	0.0	0.0		_
com.google.javascript.jscomp.parsing.IRFactory$TransformDispatcher#Node#processFunctionNode#?,FunctionNode#545	0.0	0.0	0.0		_
com.google.javascript.jscomp.parsing.IRFactory#int#transformTokenType#?,int#996	0.0	0.0	0.0		_
com.google.javascript.jscomp.parsing.IRFactory#int#transformTokenType#?,int#998	0.0	0.0	0.0		_
com.google.javascript.jscomp.parsing.IRFactory#int#transformTokenType#?,int#992	0.0	0.0	0.0		_
com.google.javascript.jscomp.parsing.IRFactory#int#transformTokenType#?,int#994	0.0	0.0	0.0		_
com.google.javascript.jscomp.parsing.IRFactory#int#transformTokenType#?,int#990	0.0	0.0	0.0		_
com.google.javascript.jscomp.parsing.IRFactory$TransformDispatcher#Node#processFunctionNode#?,FunctionNode#554	0.0	0.0	0.0		_
com.google.javascript.jscomp.parsing.IRFactory$TransformDispatcher#Node#processFunctionNode#?,FunctionNode#553	0.0	0.0	0.0		_
com.google.javascript.jscomp.parsing.IRFactory#void#setFileOverviewJsDoc#?,Node#151	0.0	0.0	0.0		_
com.google.javascript.jscomp.parsing.IRFactory#void#setFileOverviewJsDoc#?,Node#155	0.0	0.0	0.0		_
