line	original_score	max_predicate_score	total	predicate	label
com.google.javascript.rhino.Node#int#mergeLineCharNo#?,int,int#1148	0.6648095166390604	0.6648095166390604	0.6648095166390604	(-1)<= 0	_
com.google.javascript.jscomp.parsing.ParserRunner#Node#parse#?,String,String,Config,ErrorReporter,Logger#106	0.16232495106158706	0.9787682577925011	0.5705466044270441	config.isIdeMode	_
com.google.javascript.jscomp.parsing.IRFactory$TransformDispatcher#Node#processFunctionNode#?,FunctionNode#523	0.32058424936003616	0.6932690859810269	0.5069266676705315	isUnnamedFunction	_
com.google.javascript.jscomp.parsing.IRFactory$TransformDispatcher#Node#processFunctionNode#?,FunctionNode#516	0.32058424936003616	0.6932690859810269	0.5069266676705315	name == null	_
com.google.javascript.jscomp.parsing.IRFactory$TransformDispatcher#Node#processFunctionNode#?,FunctionNode#544	0.32058424936003616	0.6932690859810269	0.5069266676705315	!(fnName != null)	_
com.google.javascript.jscomp.testing.TestErrorReporter#boolean#hasEncounteredAllErrors#?#84	0.9870501430507453	0.0	0.49352507152537267		_
com.google.javascript.jscomp.parsing.ParserRunner#Node#parse#?,String,String,Config,ErrorReporter,Logger#108	0.9787682577925011	0.0	0.48938412889625055		_
com.google.javascript.jscomp.parsing.ParserRunner#Node#parse#?,String,String,Config,ErrorReporter,Logger#107	0.9787682577925011	0.0	0.48938412889625055		_
com.google.javascript.jscomp.testing.TestErrorReporter#?#TestErrorReporter#?,String[],String[]#44	0.9176328866134619	0.0	0.45881644330673094		_
com.google.javascript.jscomp.testing.TestErrorReporter#?#TestErrorReporter#?,String[],String[]#45	0.9176328866134619	0.0	0.45881644330673094		_
com.google.javascript.jscomp.parsing.TypeSafeDispatcher#T#process#?,AstNode#198	0.8798373738894745	0.0	0.43991868694473724		_
com.google.javascript.jscomp.parsing.IRFactory$TransformDispatcher#Node#processEmptyExpression#?,EmptyExpression#468	0.8798373738894745	0.0	0.43991868694473724		_
com.google.javascript.jscomp.parsing.IRFactory$TransformDispatcher#Node#processEmptyExpression#?,EmptyExpression#467	0.8798373738894745	0.0	0.43991868694473724		_
com.google.javascript.rhino.Node#void#setLineno#?,int#1133	0.15042915223610898	0.6932690859810269	0.4218491191085679	sourcePosition < charno	_
com.google.javascript.rhino.Node#void#setLineno#?,int#1131	0.15042915223610898	0.6932690859810269	0.4218491191085679	charno > lineno	_
com.google.javascript.rhino.Node#void#setCharno#?,int#1137	0.15057973196807706	0.6759524168046981	0.41326607438638757	sourcePosition == charno	_
com.google.javascript.rhino.Node#int#mergeLineCharNo#?,int,int#1147	0.10555639210962209	0.6648095166390604	0.38518295437434125	lineno < 0 || charno < 0	_
com.google.javascript.jscomp.parsing.IRFactory$TransformDispatcher#Node#processFunctionNode#?,FunctionNode#526	0.6932690859810269	0.0	0.34663454299051344		_
com.google.javascript.jscomp.parsing.IRFactory$TransformDispatcher#Node#processFunctionNode#?,FunctionNode#530	0.6932690859810269	0.0	0.34663454299051344		_
com.google.javascript.jscomp.parsing.IRFactory$TransformDispatcher#Node#processFunctionNode#?,FunctionNode#532	0.6932690859810269	0.0	0.34663454299051344		_
com.google.javascript.jscomp.parsing.IRFactory$TransformDispatcher#Node#processFunctionNode#?,FunctionNode#519	0.6932690859810269	0.0	0.34663454299051344		_
com.google.javascript.jscomp.parsing.IRFactory$TransformDispatcher#Node#processFunctionNode#?,FunctionNode#518	0.6932690859810269	0.0	0.34663454299051344		_
com.google.javascript.jscomp.parsing.IRFactory$TransformDispatcher#Node#processFunctionNode#?,FunctionNode#517	0.6932690859810269	0.0	0.34663454299051344		_
com.google.javascript.jscomp.parsing.IRFactory$TransformDispatcher#Node#processFunctionNode#?,FunctionNode#547	0.6932690859810269	0.0	0.34663454299051344		_
com.google.javascript.jscomp.parsing.TypeSafeDispatcher#T#process#?,AstNode#171	0.2951362746574311	0.3153139587411534	0.30522511669929225	node instanceof Block	_
com.google.javascript.jscomp.parsing.IRFactory#Node#transformTree#?,AstRoot,String,Config,ErrorReporter#132	0.15057973196807706	0.3955729558801385	0.2730763439241078	!(node.getComments() != null)	_
com.google.javascript.jscomp.parsing.IRFactory#Node#transform#?,AstNode#213	0.15057973196807706	0.32058424936003616	0.2355819906640566	irNode.getType() == Token.FUNCTION && irNode.getFirstChild().getLineno() != -1	_
com.google.javascript.jscomp.parsing.IRFactory$TransformDispatcher#boolean#isDirective#?,Node#389	0.15057973196807706	0.30552627616322847	0.22805300406565276	n == null	_
com.google.javascript.rhino.Node#int#extractCharno#?,int#1176	0.18521307032073486	0.19018220147568132	0.1876976358982081	(lineCharNo & COLUMN_MASK)!= 0	_
com.google.javascript.jscomp.parsing.ParserRunner#Node#parse#?,String,String,Config,ErrorReporter,Logger#121	0.16232495106158706	0.16563770516488485	0.16398132811323596	astRoot != null	_
com.google.javascript.rhino.Node#PropListItem#removeProp#?,PropListItem,int#782	0.16172263213371485	0.16172263213371485	0.16172263213371485	!(result != item.next)	_
com.google.javascript.rhino.Node#PropListItem#removeProp#?,PropListItem,int#778	0.16157205240174677	0.16172263213371485	0.1616473422677308	!(item.type == propType)	_
com.google.javascript.jscomp.parsing.IRFactory$TransformDispatcher#Node#processFunctionNode#?,FunctionNode#521	0.32058424936003616	0.0	0.16029212468001808		_
com.google.javascript.jscomp.parsing.IRFactory$TransformDispatcher#Node#processFunctionNode#?,FunctionNode#522	0.32058424936003616	0.0	0.16029212468001808		_
com.google.javascript.jscomp.parsing.IRFactory$TransformDispatcher#Node#processFunctionNode#?,FunctionNode#535	0.32058424936003616	0.0	0.16029212468001808		_
com.google.javascript.jscomp.parsing.IRFactory$TransformDispatcher#Node#processFunctionNode#?,FunctionNode#536	0.32058424936003616	0.0	0.16029212468001808		_
com.google.javascript.jscomp.parsing.IRFactory$TransformDispatcher#Node#processFunctionNode#?,FunctionNode#515	0.32058424936003616	0.0	0.16029212468001808		_
com.google.javascript.jscomp.parsing.IRFactory$TransformDispatcher#Node#processFunctionNode#?,FunctionNode#514	0.32058424936003616	0.0	0.16029212468001808		_
com.google.javascript.jscomp.parsing.TypeSafeDispatcher#T#process#?,AstNode#229	0.32058424936003616	0.0	0.16029212468001808		_
com.google.javascript.jscomp.parsing.IRFactory$TransformDispatcher#Node#processFunctionNode#?,FunctionNode#561	0.32058424936003616	0.0	0.16029212468001808		_
com.google.javascript.jscomp.parsing.IRFactory$TransformDispatcher#Node#processFunctionNode#?,FunctionNode#560	0.32058424936003616	0.0	0.16029212468001808		_
com.google.javascript.jscomp.parsing.IRFactory#Node#transform#?,AstNode#215	0.32058424936003616	0.0	0.16029212468001808		_
com.google.javascript.jscomp.parsing.IRFactory#Node#transform#?,AstNode#216	0.32058424936003616	0.0	0.16029212468001808		_
com.google.javascript.jscomp.parsing.IRFactory$TransformDispatcher#Node#processFunctionNode#?,FunctionNode#543	0.32058424936003616	0.0	0.16029212468001808		_
com.google.javascript.jscomp.parsing.IRFactory$TransformDispatcher#Node#processFunctionNode#?,FunctionNode#549	0.32058424936003616	0.0	0.16029212468001808		_
com.google.javascript.jscomp.parsing.IRFactory$TransformDispatcher#Node#processFunctionNode#?,FunctionNode#556	0.32058424936003616	0.0	0.16029212468001808		_
com.google.javascript.jscomp.parsing.IRFactory$TransformDispatcher#Node#processFunctionNode#?,FunctionNode#558	0.32058424936003616	0.0	0.16029212468001808		_
com.google.javascript.jscomp.parsing.IRFactory$TransformDispatcher#Node#processFunctionNode#?,FunctionNode#559	0.32058424936003616	0.0	0.16029212468001808		_
com.google.javascript.jscomp.parsing.IRFactory$TransformDispatcher#Node#processFunctionNode#?,FunctionNode#552	0.32058424936003616	0.0	0.16029212468001808		_
com.google.javascript.jscomp.parsing.TypeSafeDispatcher#T#process#?,AstNode#172	0.3153139587411534	0.0	0.1576569793705767		_
com.google.javascript.jscomp.parsing.IRFactory$TransformDispatcher#Node#processBlock#?,Block#399	0.3153139587411534	0.0	0.1576569793705767		_
com.google.javascript.rhino.Node#int#getCharno#?#863	0.12302364101791896	0.19048336093961749	0.15675350097876822	(extractCharno(sourcePosition))> 0	_
com.google.javascript.rhino.Node#int#extractCharno#?,int#1173	0.12257190182201472	0.18521307032073486	0.1538924860713748	!(lineCharNo == -1)	_
com.google.javascript.jscomp.parsing.IRFactory#int#position2charno#?,int#265	0.15057973196807706	0.1558500225869598	0.15321487727751842	lineIndex == -1	_
com.google.javascript.jscomp.parsing.IRFactory#void#setFileOverviewJsDoc#?,Node#150	0.15057973196807706	0.1510314711639813	0.15080560156602918	!(fileOverviewInfo != null)	_
com.google.javascript.jscomp.parsing.IRFactory#Node#transform#?,AstNode#208	0.15057973196807706	0.15057973196807706	0.15057973196807706	!(jsDocInfo != null)	_
com.google.javascript.jscomp.parsing.IRFactory#JSDocInfo#handleJsDoc#?,AstNode#195	0.15057973196807706	0.15057973196807706	0.15057973196807706	!(comment != null)	_
com.google.javascript.jscomp.parsing.IRFactory$TransformDispatcher#void#parseDirectives#?,Node#383	0.15057973196807706	0.15057973196807706	0.15057973196807706	!(directives != null)	_
com.google.javascript.jscomp.parsing.IRFactory#Node#transform#?,AstNode#218	0.15057973196807706	0.15057973196807706	0.15057973196807706	irNode.getLineno() == -1	_
com.google.javascript.rhino.Node#void#setLineno#?,int#1130	0.15042915223610898	0.15042915223610898	0.15042915223610898	charno == -1	_
com.google.javascript.jscomp.parsing.ParserRunner#void#initResourceConfig#?#65	0.14726697786477938	0.15223610901972595	0.14975154344225267	annotationNames != null	_
com.google.javascript.rhino.Node#int#extractCharno#?,int#1174	0.1486221954524921	0.1486221954524921	0.1486221954524921	(-1)<= 0	_
com.google.javascript.rhino.Node#int#extractLineno#?,int#1162	0.1486221954524921	0.1486221954524921	0.1486221954524921	(-1)<= 0	_
com.google.javascript.jscomp.parsing.IRFactory#int#transformTokenType#?,int#1196	0.2951362746574311	0.0	0.14756813732871554		_
com.google.javascript.jscomp.parsing.IRFactory$TransformDispatcher#Node#processGeneric#?,com.google.javascript.jscomp.mozilla.rhino.Node#280	0.2951362746574311	0.0	0.14756813732871554		_
com.google.javascript.jscomp.parsing.IRFactory$TransformDispatcher#Node#processGeneric#?,com.google.javascript.jscomp.mozilla.rhino.Node#284	0.2951362746574311	0.0	0.14756813732871554		_
com.google.javascript.rhino.Node#int#extractLineno#?,int#1164	0.12452943833759977	0.15675350097876828	0.14064146965818403	(lineCharNo >>> COLUMN_BITS)!= 0	_
com.google.javascript.rhino.Node#int#getLineno#?#859	0.12302364101791896	0.15705466044270444	0.1400391507303117	(extractLineno(sourcePosition))> 0	_
com.google.javascript.rhino.Node#void#putIntProp#?,int,int#836	0.13672639662701402	0.1368769763589821	0.13680168649299806	value != 0	_
com.google.javascript.rhino.Node#Object#getProp#?,int#793	0.13582291823520554	0.13582291823520554	0.13582291823520554	item == null	_
com.google.javascript.rhino.Node#int#extractLineno#?,int#1161	0.12257190182201472	0.1486221954524921	0.13559704863725341	lineCharNo == -1	_
com.google.javascript.rhino.Node$StringNode#?#StringNode#?,int,String#278	0.13341364252371635	0.13341364252371635	0.13341364252371635	!(null == str)	_
com.google.javascript.rhino.Node#void#addChildToBack#?,Node#606	0.11579581388345128	0.1448577021532902	0.13032675801837074	!(last == null)	_
com.google.javascript.rhino.Node#PropListItem#removeProp#?,PropListItem,int#776	0.07875319981930429	0.16157205240174677	0.12016262611052553	!(item == null)	_
com.google.javascript.rhino.Node#void#putProp#?,int,Object#825	0.08748682427345278	0.14018973046227978	0.11383827736786628	!(value != null)	_
com.google.javascript.rhino.Node#int#getType#?#536	0.10721276916127087	0.10721276916127087	0.10721276916127087	(type)> 0	_
com.google.javascript.rhino.Node#int#mergeLineCharNo#?,int,int#1152	0.10585755157355825	0.10796566782111128	0.10691160969733476	(lineno << COLUMN_BITS | (charno & COLUMN_MASK))> 0	_
com.google.javascript.rhino.Node#int#mergeLineCharNo#?,int,int#1149	0.10570697184159017	0.10585755157355825	0.10578226170757421	!((charno & ~COLUMN_MASK) != 0)	_
com.google.javascript.jscomp.parsing.Config#Map<String,Annotation>#buildAnnotationNames#?,Set<String>#87	0.0929076946243036	0.0929076946243036	0.0929076946243036	!(!Annotation.recognizedAnnotations.containsKey(unrecognizedAnnotation))	_
com.google.javascript.rhino.Node$PropListItem#?#PropListItem#?,int,int,Object,PropListItem#361	0.0880891432013251	0.0880891432013251	0.0880891432013251	this.intValue >= intValue	_
com.google.javascript.rhino.Node$PropListItem#?#PropListItem#?,int,int,Object,PropListItem#360	0.0880891432013251	0.0880891432013251	0.0880891432013251	this.type <= type	_
com.google.javascript.jscomp.parsing.IRFactory#int#transformTokenType#?,int#942	0.16985393765999102	0.0	0.08492696882999551		_
com.google.javascript.jscomp.parsing.ParserRunner#Node#parse#?,String,String,Config,ErrorReporter,Logger#122	0.16563770516488485	0.0	0.08281885258244243		_
com.google.javascript.jscomp.parsing.ParserRunner#Node#parse#?,String,String,Config,ErrorReporter,Logger#124	0.16563770516488485	0.0	0.08281885258244243		_
com.google.javascript.jscomp.parsing.ParserRunner#Node#parse#?,String,String,Config,ErrorReporter,Logger#104	0.16232495106158706	0.0	0.08116247553079353		_
com.google.javascript.jscomp.parsing.ParserRunner#Node#parse#?,String,String,Config,ErrorReporter,Logger#105	0.16232495106158706	0.0	0.08116247553079353		_
com.google.javascript.jscomp.parsing.ParserRunner#Node#parse#?,String,String,Config,ErrorReporter,Logger#102	0.16232495106158706	0.0	0.08116247553079353		_
com.google.javascript.jscomp.parsing.ParserRunner#Node#parse#?,String,String,Config,ErrorReporter,Logger#103	0.16232495106158706	0.0	0.08116247553079353		_
com.google.javascript.jscomp.parsing.ParserRunner#Node#parse#?,String,String,Config,ErrorReporter,Logger#100	0.16232495106158706	0.0	0.08116247553079353		_
com.google.javascript.jscomp.parsing.ParserRunner#Node#parse#?,String,String,Config,ErrorReporter,Logger#101	0.16232495106158706	0.0	0.08116247553079353		_
com.google.javascript.jscomp.parsing.ParserRunner#Node#parse#?,String,String,Config,ErrorReporter,Logger#120	0.16232495106158706	0.0	0.08116247553079353		_
com.google.javascript.jscomp.parsing.ParserRunner#Node#parse#?,String,String,Config,ErrorReporter,Logger#126	0.16232495106158706	0.0	0.08116247553079353		_
com.google.javascript.jscomp.parsing.ParserRunner#Node#parse#?,String,String,Config,ErrorReporter,Logger#118	0.16232495106158706	0.0	0.08116247553079353		_
com.google.javascript.jscomp.parsing.ParserRunner#Node#parse#?,String,String,Config,ErrorReporter,Logger#111	0.16232495106158706	0.0	0.08116247553079353		_
com.google.javascript.jscomp.parsing.ParserRunner#Node#parse#?,String,String,Config,ErrorReporter,Logger#112	0.16232495106158706	0.0	0.08116247553079353		_
com.google.javascript.jscomp.parsing.ParserRunner#Node#parse#?,String,String,Config,ErrorReporter,Logger#114	0.16232495106158706	0.0	0.08116247553079353		_
com.google.javascript.jscomp.parsing.ParserRunner#Node#parse#?,String,String,Config,ErrorReporter,Logger#99	0.16232495106158706	0.0	0.08116247553079353		_
com.google.javascript.jscomp.parsing.ParserRunner#Node#parse#?,String,String,Config,ErrorReporter,Logger#98	0.16232495106158706	0.0	0.08116247553079353		_
com.google.javascript.rhino.Node#PropListItem#removeProp#?,PropListItem,int#781	0.16172263213371485	0.0	0.08086131606685742		_
com.google.javascript.rhino.Node#PropListItem#removeProp#?,PropListItem,int#786	0.16172263213371485	0.0	0.08086131606685742		_
com.google.javascript.jscomp.parsing.TypeSafeDispatcher#T#process#?,AstNode#243	0.15795813883451293	0.0	0.07897906941725646		_
com.google.javascript.jscomp.parsing.IRFactory$TransformDispatcher#Node#processName#?,Name#627	0.15795813883451293	0.0	0.07897906941725646		_
com.google.javascript.jscomp.parsing.IRFactory#Node#newStringNode#?,int,String#1276	0.15765697937057677	0.0	0.07882848968528838		_
com.google.javascript.rhino.Node#void#removeProp#?,int#764	0.07875319981930429	0.07875319981930429	0.07875319981930429	!(result != propListHead)	_
com.google.javascript.jscomp.parsing.IRFactory#int#position2charno#?,int#266	0.1558500225869598	0.0	0.0779250112934799		_
com.google.javascript.jscomp.parsing.ParserRunner#void#initResourceConfig#?#66	0.15223610901972595	0.0	0.07611805450986298		_
com.google.javascript.jscomp.parsing.IRFactory$TransformDispatcher#boolean#isDirective#?,Node#391	0.15133263062791746	0.0	0.07566631531395873		_
com.google.javascript.jscomp.parsing.IRFactory$TransformDispatcher#boolean#isDirective#?,Node#392	0.15133263062791746	0.0	0.07566631531395873		_
com.google.javascript.jscomp.parsing.IRFactory$TransformDispatcher#Node#processAstRoot#?,AstRoot#356	0.15133263062791746	0.0	0.07566631531395873		_
com.google.javascript.jscomp.parsing.IRFactory$TransformDispatcher#Node#processAstRoot#?,AstRoot#355	0.15133263062791746	0.0	0.07566631531395873		_
com.google.javascript.jscomp.parsing.TypeSafeDispatcher#T#process#?,AstNode#255	0.15057973196807706	0.0	0.07528986598403853		_
com.google.javascript.jscomp.parsing.IRFactory#Node#transform#?,AstNode#206	0.15057973196807706	0.0	0.07528986598403853		_
com.google.javascript.jscomp.parsing.IRFactory#Node#transform#?,AstNode#207	0.15057973196807706	0.0	0.07528986598403853		_
com.google.javascript.jscomp.parsing.IRFactory#int#position2charno#?,int#264	0.15057973196807706	0.0	0.07528986598403853		_
com.google.javascript.jscomp.parsing.IRFactory#?#IRFactory#?,String,String,Config,ErrorReporter#111	0.15057973196807706	0.0	0.07528986598403853		_
com.google.javascript.jscomp.parsing.IRFactory#JSDocInfo#handleJsDoc#?,AstNode#194	0.15057973196807706	0.0	0.07528986598403853		_
com.google.javascript.jscomp.parsing.IRFactory#?#IRFactory#?,String,String,Config,ErrorReporter#108	0.15057973196807706	0.0	0.07528986598403853		_
com.google.javascript.jscomp.parsing.IRFactory#?#IRFactory#?,String,String,Config,ErrorReporter#109	0.15057973196807706	0.0	0.07528986598403853		_
com.google.javascript.jscomp.parsing.IRFactory#?#IRFactory#?,String,String,Config,ErrorReporter#107	0.15057973196807706	0.0	0.07528986598403853		_
com.google.javascript.jscomp.parsing.IRFactory#?#IRFactory#?,String,String,Config,ErrorReporter#106	0.15057973196807706	0.0	0.07528986598403853		_
com.google.javascript.jscomp.parsing.IRFactory#?#IRFactory#?,String,String,Config,ErrorReporter#105	0.15057973196807706	0.0	0.07528986598403853		_
com.google.javascript.jscomp.parsing.IRFactory#Node#transformTree#?,AstRoot,String,Config,ErrorReporter#130	0.15057973196807706	0.0	0.07528986598403853		_
com.google.javascript.jscomp.parsing.IRFactory$TransformDispatcher#void#parseDirectives#?,Node#373	0.15057973196807706	0.0	0.07528986598403853		_
com.google.javascript.jscomp.parsing.IRFactory#Node#newNode#?,int#1256	0.15057973196807706	0.0	0.07528986598403853		_
com.google.javascript.jscomp.parsing.IRFactory#Node#transformTree#?,AstRoot,String,Config,ErrorReporter#140	0.15057973196807706	0.0	0.07528986598403853		_
com.google.javascript.jscomp.parsing.IRFactory#Node#transformTree#?,AstRoot,String,Config,ErrorReporter#142	0.15057973196807706	0.0	0.07528986598403853		_
com.google.javascript.jscomp.parsing.TypeSafeDispatcher#T#process#?,AstNode#119	0.15057973196807706	0.0	0.07528986598403853		_
com.google.javascript.jscomp.parsing.IRFactory#void#setFileOverviewJsDoc#?,Node#149	0.15057973196807706	0.0	0.07528986598403853		_
com.google.javascript.jscomp.parsing.IRFactory#Node#justTransform#?,AstNode#274	0.15057973196807706	0.0	0.07528986598403853		_
com.google.javascript.jscomp.parsing.IRFactory#Node#createTemplateNode#?#120	0.15057973196807706	0.0	0.07528986598403853		_
com.google.javascript.jscomp.parsing.IRFactory#Node#transform#?,AstNode#223	0.15057973196807706	0.0	0.07528986598403853		_
com.google.javascript.jscomp.parsing.IRFactory#Node#createTemplateNode#?#121	0.15057973196807706	0.0	0.07528986598403853		_
com.google.javascript.jscomp.parsing.IRFactory#Node#transform#?,AstNode#224	0.15057973196807706	0.0	0.07528986598403853		_
com.google.javascript.jscomp.parsing.IRFactory#Node#transform#?,AstNode#222	0.15057973196807706	0.0	0.07528986598403853		_
com.google.javascript.jscomp.parsing.IRFactory#Node#transform#?,AstNode#228	0.15057973196807706	0.0	0.07528986598403853		_
com.google.javascript.jscomp.parsing.IRFactory#Node#transform#?,AstNode#225	0.15057973196807706	0.0	0.07528986598403853		_
com.google.javascript.jscomp.parsing.IRFactory#JSDocInfo#handleJsDoc#?,AstNode#202	0.15057973196807706	0.0	0.07528986598403853		_
com.google.javascript.jscomp.parsing.IRFactory#Node#createTemplateNode#?#119	0.15057973196807706	0.0	0.07528986598403853		_
com.google.javascript.jscomp.parsing.IRFactory$TransformDispatcher#Node#processAstRoot#?,AstRoot#358	0.15057973196807706	0.0	0.07528986598403853		_
com.google.javascript.jscomp.parsing.IRFactory$TransformDispatcher#Node#processAstRoot#?,AstRoot#359	0.15057973196807706	0.0	0.07528986598403853		_
com.google.javascript.jscomp.parsing.IRFactory$TransformDispatcher#Node#processAstRoot#?,AstRoot#354	0.15057973196807706	0.0	0.07528986598403853		_
com.google.javascript.jscomp.parsing.IRFactory#Node#transformTree#?,AstRoot,String,Config,ErrorReporter#128	0.15057973196807706	0.0	0.07528986598403853		_
com.google.javascript.rhino.Node#void#setLineno#?,int#1129	0.15042915223610898	0.0	0.07521457611805449		_
com.google.javascript.rhino.Node#void#setIsSyntheticBlock#?,boolean#2012	0.1478692967926517	0.0	0.07393464839632585		_
com.google.javascript.jscomp.parsing.ParserRunner#Config#createConfig#?,boolean,boolean,boolean#59	0.14726697786477938	0.0	0.07363348893238969		_
com.google.javascript.jscomp.parsing.ParserRunner#Config#createConfig#?,boolean,boolean,boolean#60	0.14726697786477938	0.0	0.07363348893238969		_
com.google.javascript.rhino.Node#void#addChildToBack#?,Node#611	0.1448577021532902	0.0	0.0724288510766451		_
com.google.javascript.rhino.Node#void#addChildToBack#?,Node#610	0.1448577021532902	0.0	0.0724288510766451		_
com.google.javascript.rhino.Node#FileLevelJsDocBuilder#getJsDocBuilderForNode#?#1927	0.14410480349344978	0.0	0.07205240174672489		_
com.google.javascript.rhino.Node#void#setJSDocInfo#?,JSDocInfo#1968	0.14410480349344978	0.0	0.07205240174672489		_
com.google.javascript.rhino.Node$PropListItem#?#PropListItem#?,int,int,PropListItem#351	0.1368769763589821	0.0	0.06843848817949105		_
com.google.javascript.rhino.Node#void#putBooleanProp#?,int,boolean#831	0.1368769763589821	0.0	0.06843848817949105		_
com.google.javascript.rhino.Node#void#putIntProp#?,int,int#837	0.1368769763589821	0.0	0.06843848817949105		_
com.google.javascript.rhino.Node#void#putIntProp#?,int,int#835	0.13672639662701402	0.0	0.06836319831350701		_
com.google.javascript.rhino.Node#Node#newString#?,int,String#524	0.13642523716307786	0.0	0.06821261858153893		_
com.google.javascript.rhino.Node#JSDocInfo#getJSDocInfo#?#1961	0.13597349796717362	0.0	0.06798674898358681		_
com.google.javascript.rhino.Node#Object#getProp#?,int#794	0.13582291823520554	0.0	0.06791145911760277		_
com.google.javascript.rhino.Node#Object#getProp#?,int#792	0.13582291823520554	0.0	0.06791145911760277		_
com.google.javascript.rhino.Node$StringNode#?#StringNode#?,int,String#281	0.13341364252371635	0.0	0.06670682126185817		_
com.google.javascript.rhino.Node$StringNode#?#StringNode#?,int,String#277	0.13341364252371635	0.0	0.06670682126185817		_
com.google.javascript.rhino.Node#?#Node#?,int#369	0.06580334287004974	0.06580334287004974	0.06580334287004974	type == nodeType	_
com.google.javascript.rhino.Node#?#Node#?,int#371	0.06580334287004974	0.06580334287004974	0.06580334287004974	sourcePosition <= nodeType	_
com.google.javascript.rhino.Node#void#addChildToBack#?,Node#607	0.1163981328113236	0.0	0.0581990664056618		_
com.google.javascript.rhino.Node#void#addChildToBack#?,Node#608	0.1163981328113236	0.0	0.0581990664056618		_
com.google.javascript.rhino.Node#void#addChildToBack#?,Node#602	0.11579581388345128	0.0	0.05789790694172564		_
com.google.javascript.rhino.Node#void#addChildToBack#?,Node#603	0.11579581388345128	0.0	0.05789790694172564		_
com.google.javascript.rhino.Node#void#addChildToBack#?,Node#604	0.11579581388345128	0.0	0.05789790694172564		_
com.google.javascript.rhino.Node#void#addChildToBack#?,Node#605	0.11579581388345128	0.0	0.05789790694172564		_
com.google.javascript.rhino.Node#Node#clonePropsFrom#?,Node#759	0.11233248004818552	0.0	0.05616624002409276		_
com.google.javascript.rhino.Node#Node#clonePropsFrom#?,Node#758	0.11233248004818552	0.0	0.05616624002409276		_
com.google.javascript.rhino.Node#Node#clonePropsFrom#?,Node#756	0.11233248004818552	0.0	0.05616624002409276		_
com.google.javascript.rhino.Node#Node#getFirstChild#?#548	0.1100737840686643	0.0	0.05503689203433215		_
com.google.javascript.rhino.Node#void#putProp#?,int,Object#826	0.10962204487276017	0.0	0.054811022436380086		_
com.google.javascript.rhino.Node$PropListItem#?#PropListItem#?,int,Object,PropListItem#355	0.10962204487276017	0.0	0.054811022436380086		_
com.google.javascript.rhino.Node#PropListItem#lookupProperty#?,int#741	0.1039000150579732	0.0	0.0519500075289866		_
com.google.javascript.rhino.Node#PropListItem#lookupProperty#?,int#745	0.1039000150579732	0.0	0.0519500075289866		_
com.google.javascript.jscomp.parsing.Config#Map<String,Annotation>#buildAnnotationNames#?,Set<String>#89	0.0929076946243036	0.0	0.0464538473121518		_
com.google.javascript.jscomp.parsing.Config#Map<String,Annotation>#buildAnnotationNames#?,Set<String>#86	0.0929076946243036	0.0	0.0464538473121518		_
com.google.javascript.jscomp.parsing.Config#Map<String,Annotation>#buildAnnotationNames#?,Set<String>#93	0.0920042162324951	0.0	0.04600210811624755		_
com.google.javascript.jscomp.parsing.Config#Map<String,Annotation>#buildAnnotationNames#?,Set<String>#85	0.0920042162324951	0.0	0.04600210811624755		_
com.google.javascript.jscomp.parsing.Config#Map<String,Annotation>#buildAnnotationNames#?,Set<String>#83	0.0920042162324951	0.0	0.04600210811624755		_
com.google.javascript.jscomp.parsing.Config#?#Config#?,Set<String>,Set<String>,boolean,boolean,boolean#73	0.0920042162324951	0.0	0.04600210811624755		_
com.google.javascript.jscomp.parsing.Config#?#Config#?,Set<String>,Set<String>,boolean,boolean,boolean#74	0.0920042162324951	0.0	0.04600210811624755		_
com.google.javascript.jscomp.parsing.Config#?#Config#?,Set<String>,Set<String>,boolean,boolean,boolean#71	0.0920042162324951	0.0	0.04600210811624755		_
com.google.javascript.jscomp.parsing.Config#?#Config#?,Set<String>,Set<String>,boolean,boolean,boolean#72	0.0920042162324951	0.0	0.04600210811624755		_
com.google.javascript.jscomp.parsing.Config#?#Config#?,Set<String>,Set<String>,boolean,boolean,boolean#70	0.0920042162324951	0.0	0.04600210811624755		_
com.google.javascript.jscomp.parsing.Config#?#Config#?,Set<String>,Set<String>,boolean,boolean,boolean#69	0.0920042162324951	0.0	0.04600210811624755		_
com.google.javascript.rhino.Node$PropListItem#?#PropListItem#?,int,int,Object,PropListItem#362	0.0880891432013251	0.0	0.04404457160066255		_
com.google.javascript.rhino.Node$PropListItem#?#PropListItem#?,int,int,Object,PropListItem#363	0.0880891432013251	0.0	0.04404457160066255		_
com.google.javascript.rhino.Node#void#putProp#?,int,Object#824	0.08748682427345278	0.0	0.04374341213672639		_
com.google.javascript.rhino.Node#void#removeProp#?,int#763	0.07875319981930429	0.0	0.039376599909652144		_
com.google.javascript.rhino.Node#PropListItem#removeProp#?,PropListItem,int#777	0.07875319981930429	0.0	0.039376599909652144		_
com.google.javascript.rhino.Node#?#Node#?,int#370	0.06580334287004974	0.0	0.03290167143502487		_
com.google.javascript.jscomp.parsing.IRFactory#int#transformTokenType#?,int#1247	-1.505797319680771E-4	0.0	-7.528986598403855E-5		_
com.google.javascript.rhino.Node#int#mergeLineCharNo#?,int,int#1150	-1.505797319680771E-4	0.0	-7.528986598403855E-5		_
com.google.javascript.jscomp.parsing.IRFactory#int#transformTokenType#?,int#1130	-1.505797319680771E-4	0.0	-7.528986598403855E-5		_
com.google.javascript.jscomp.parsing.IRFactory#int#transformTokenType#?,int#1138	-3.011594639361542E-4	0.0	-1.505797319680771E-4		_
com.google.javascript.jscomp.parsing.IRFactory#int#transformTokenType#?,int#1128	-3.011594639361542E-4	0.0	-1.505797319680771E-4		_
com.google.javascript.jscomp.parsing.IRFactory#int#transformTokenType#?,int#1140	-4.517391959042313E-4	0.0	-2.2586959795211565E-4		_
com.google.javascript.jscomp.parsing.IRFactory#int#transformTokenType#?,int#1126	-4.517391959042313E-4	0.0	-2.2586959795211565E-4		_
com.google.javascript.jscomp.parsing.IRFactory#int#transformTokenType#?,int#1122	-6.023189278723084E-4	0.0	-3.011594639361542E-4		_
com.google.javascript.jscomp.parsing.IRFactory#int#transformTokenType#?,int#1124	-7.528986598403855E-4	0.0	-3.7644932992019273E-4		_
com.google.javascript.jscomp.parsing.IRFactory$TransformDispatcher#void#parseDirectives#?,Node#375	-7.528986598403855E-4	0.0	-3.7644932992019273E-4		_
com.google.javascript.jscomp.parsing.IRFactory$TransformDispatcher#void#parseDirectives#?,Node#376	-7.528986598403855E-4	0.0	-3.7644932992019273E-4		_
com.google.javascript.jscomp.parsing.IRFactory$TransformDispatcher#void#parseDirectives#?,Node#374	-7.528986598403855E-4	0.0	-3.7644932992019273E-4		_
com.google.javascript.jscomp.parsing.IRFactory$TransformDispatcher#void#parseDirectives#?,Node#377	-7.528986598403855E-4	0.0	-3.7644932992019273E-4		_
com.google.javascript.jscomp.parsing.IRFactory$TransformDispatcher#void#parseDirectives#?,Node#384	-7.528986598403855E-4	0.0	-3.7644932992019273E-4		_
com.google.javascript.jscomp.parsing.IRFactory#Node#transformTree#?,AstRoot,String,Config,ErrorReporter#135	-9.034783918084626E-4	0.0	-4.517391959042313E-4		_
com.google.javascript.jscomp.parsing.IRFactory#int#transformTokenType#?,int#996	-9.034783918084626E-4	0.0	-4.517391959042313E-4		_
com.google.javascript.jscomp.parsing.IRFactory#int#transformTokenType#?,int#984	-0.0010540581237765397	0.0	-5.270290618882698E-4		_
com.google.javascript.jscomp.parsing.IRFactory#int#transformTokenType#?,int#1000	-0.0012046378557446168	0.0	-6.023189278723084E-4		_
com.google.javascript.jscomp.parsing.IRFactory#int#transformTokenType#?,int#966	-0.0012046378557446168	0.0	-6.023189278723084E-4		_
com.google.javascript.jscomp.parsing.IRFactory#int#transformTokenType#?,int#986	-0.001355217587712694	0.0	-6.77608793856347E-4		_
com.google.javascript.jscomp.parsing.IRFactory#int#transformTokenType#?,int#1134	-0.001656377051648848	0.0	-8.28188525824424E-4		_
com.google.javascript.jscomp.parsing.IRFactory#int#transformTokenType#?,int#976	-0.001656377051648848	0.0	-8.28188525824424E-4		_
com.google.javascript.jscomp.parsing.IRFactory#int#transformTokenType#?,int#968	-0.001656377051648848	0.0	-8.28188525824424E-4		_
com.google.javascript.jscomp.parsing.IRFactory#int#transformTokenType#?,int#964	-0.0018069567836169252	0.0	-9.034783918084626E-4		_
com.google.javascript.jscomp.parsing.IRFactory#int#transformTokenType#?,int#1038	-0.0019575365155850024	0.0	-9.787682577925012E-4		_
com.google.javascript.jscomp.parsing.IRFactory#int#transformTokenType#?,int#1008	-0.0021081162475530793	0.0	-0.0010540581237765397		_
com.google.javascript.jscomp.parsing.IRFactory#int#transformTokenType#?,int#1136	-0.0021081162475530793	0.0	-0.0010540581237765397		_
com.google.javascript.jscomp.parsing.TypeSafeDispatcher#T#process#?,AstNode#279	-0.0022586959795211563	0.0	-0.0011293479897605781		_
com.google.javascript.jscomp.parsing.IRFactory#int#transformTokenType#?,int#982	-0.0022586959795211563	0.0	-0.0011293479897605781		_
com.google.javascript.jscomp.parsing.IRFactory#int#transformTokenType#?,int#994	-0.0022586959795211563	0.0	-0.0011293479897605781		_
com.google.javascript.jscomp.parsing.IRFactory#int#transformTokenType#?,int#980	-0.0024092757114892336	0.0	-0.0012046378557446168		_
com.google.javascript.jscomp.parsing.IRFactory#int#transformTokenType#?,int#1002	-0.003011594639361542	0.0	-0.001505797319680771		_
com.google.javascript.jscomp.parsing.ParserRunner#Node#parse#?,String,String,Config,ErrorReporter,Logger#116	-0.003463333835265773	0.0	-0.0017316669176328865		_
com.google.javascript.jscomp.parsing.IRFactory#int#transformTokenType#?,int#1048	-0.003463333835265773	0.0	-0.0017316669176328865		_
com.google.javascript.jscomp.parsing.TypeSafeDispatcher#T#process#?,AstNode#194	-0.004216232495106159	0.0	-0.0021081162475530793		_
com.google.javascript.jscomp.parsing.IRFactory#void#setFileOverviewJsDoc#?,Node#151	-0.0045173919590423125	0.0	-0.0022586959795211563		_
com.google.javascript.jscomp.parsing.IRFactory#void#setFileOverviewJsDoc#?,Node#155	-0.0045173919590423125	0.0	-0.0022586959795211563		_
com.google.javascript.jscomp.parsing.IRFactory#int#transformTokenType#?,int#1120	-0.00466797169101039	0.0	-0.002333985845505195		_
com.google.javascript.jscomp.parsing.IRFactory#int#transformTokenType#?,int#1152	-0.004969131154946544	0.0	-0.002484565577473272		_
com.google.javascript.jscomp.parsing.IRFactory#int#transformTokenType#?,int#990	-0.005420870350850776	0.0	-0.002710435175425388		_
com.google.javascript.jscomp.parsing.IRFactory#int#transformTokenType#?,int#1004	-0.005872609546755007	0.0	-0.0029363047733775034		_
com.google.javascript.jscomp.parsing.IRFactory#int#transformTokenType#?,int#992	-0.006173769010691161	0.0	-0.0030868845053455803		_
com.google.javascript.jscomp.parsing.IRFactory#int#transformTokenType#?,int#1036	-0.006474928474627315	0.0	-0.0032374642373136577		_
com.google.javascript.jscomp.parsing.IRFactory#int#transformTokenType#?,int#978	-0.006625508206595392	0.0	-0.003312754103297696		_
com.google.javascript.jscomp.parsing.IRFactory#int#transformTokenType#?,int#972	-0.006776087938563469	0.0	-0.0033880439692817346		_
com.google.javascript.jscomp.parsing.TypeSafeDispatcher#T#process#?,AstNode#196	-0.008131305526276163	0.0	-0.004065652763138082		_
com.google.javascript.jscomp.parsing.IRFactory#int#transformTokenType#?,int#1132	-0.008131305526276163	0.0	-0.004065652763138082		_
com.google.javascript.jscomp.parsing.TypeSafeDispatcher#T#process#?,AstNode#251	-0.008432464990212317	0.0	-0.004216232495106159		_
com.google.javascript.jscomp.parsing.TypeSafeDispatcher#T#process#?,AstNode#261	-0.009486523113988857	0.0	-0.004743261556994428		_
com.google.javascript.jscomp.parsing.TypeSafeDispatcher#T#process#?,AstNode#187	-0.00978768257792501	0.0	-0.004893841288962505		_
com.google.javascript.jscomp.parsing.IRFactory#int#transformTokenType#?,int#1050	-0.010088842041861166	0.0	-0.005044421020930583		_
com.google.javascript.jscomp.parsing.TypeSafeDispatcher#T#process#?,AstNode#219	-0.01039000150579732	0.0	-0.00519500075289866		_
com.google.javascript.jscomp.parsing.IRFactory#int#transformTokenType#?,int#1116	-0.010540581237765396	0.0	-0.005270290618882698		_
com.google.javascript.jscomp.parsing.IRFactory#int#transformTokenType#?,int#1010	-0.011745219093510013	0.0	-0.005872609546755007		_
com.google.javascript.jscomp.parsing.TypeSafeDispatcher#T#process#?,AstNode#259	-0.011895798825478091	0.0	-0.005947899412739046		_
com.google.javascript.jscomp.parsing.TypeSafeDispatcher#T#process#?,AstNode#190	-0.013401596145158862	0.0	-0.006700798072579431		_
com.google.javascript.jscomp.parsing.TypeSafeDispatcher#T#process#?,AstNode#182	-0.013853335341063092	0.0	-0.006926667670531546		_
com.google.javascript.jscomp.parsing.TypeSafeDispatcher#T#process#?,AstNode#263	-0.015810871856648097	0.0	-0.007905435928324048		_
com.google.javascript.jscomp.parsing.IRFactory#int#transformTokenType#?,int#998	-0.016714350248456557	0.0	-0.008357175124228278		_
com.google.javascript.jscomp.parsing.IRFactory#int#transformTokenType#?,int#974	-0.018220147568137328	0.0	-0.009110073784068664		_
com.google.javascript.jscomp.parsing.TypeSafeDispatcher#T#process#?,AstNode#277	-0.018370727300105406	0.0	-0.009185363650052703		_
com.google.javascript.jscomp.parsing.IRFactory#int#transformTokenType#?,int#1190	-0.019424785423881947	0.0	-0.009712392711940973		_
com.google.javascript.jscomp.parsing.TypeSafeDispatcher#T#process#?,AstNode#221	-0.019876524619786177	0.0	-0.009938262309893088		_
com.google.javascript.jscomp.parsing.TypeSafeDispatcher#T#process#?,AstNode#220	-0.019876524619786177	0.0	-0.009938262309893088		_
com.google.javascript.jscomp.parsing.TypeSafeDispatcher#T#process#?,AstNode#239	-0.02078000301159464	0.0	-0.01039000150579732		_
com.google.javascript.jscomp.parsing.TypeSafeDispatcher#T#process#?,AstNode#203	-0.02078000301159464	0.0	-0.01039000150579732		_
com.google.javascript.jscomp.parsing.TypeSafeDispatcher#T#process#?,AstNode#204	-0.02078000301159464	0.0	-0.01039000150579732		_
com.google.javascript.jscomp.parsing.ParserRunner#Set<String>#extractList#?,String#75	-0.021834061135371178	0.0	-0.010917030567685589		_
com.google.javascript.jscomp.parsing.ParserRunner#Set<String>#extractList#?,String#76	-0.021834061135371178	0.0	-0.010917030567685589		_
com.google.javascript.jscomp.parsing.ParserRunner#Set<String>#extractList#?,String#80	-0.021834061135371178	0.0	-0.010917030567685589		_
com.google.javascript.jscomp.parsing.ParserRunner#Set<String>#extractList#?,String#78	-0.021834061135371178	0.0	-0.010917030567685589		_
com.google.javascript.jscomp.parsing.ParserRunner#Set<String>#extractList#?,String#77	-0.021834061135371178	0.0	-0.010917030567685589		_
com.google.javascript.jscomp.parsing.ParserRunner#void#initResourceConfig#?#69	-0.021834061135371178	0.0	-0.010917030567685589		_
com.google.javascript.jscomp.parsing.ParserRunner#void#initResourceConfig#?#70	-0.021834061135371178	0.0	-0.010917030567685589		_
com.google.javascript.jscomp.parsing.ParserRunner#void#initResourceConfig#?#71	-0.021834061135371178	0.0	-0.010917030567685589		_
com.google.javascript.jscomp.parsing.IRFactory#int#transformTokenType#?,int#970	-0.023038698991115797	0.0	-0.011519349495557898		_
com.google.javascript.jscomp.parsing.IRFactory#int#transformTokenType#?,int#1150	-0.02635145309441349	0.0	-0.013175726547206746		_
com.google.javascript.jscomp.parsing.IRFactory#int#transformTokenType#?,int#1032	-0.0269537720222858	0.0	-0.0134768860111429		_
com.google.javascript.jscomp.parsing.TypeSafeDispatcher#T#process#?,AstNode#218	-0.02800783014606234	0.0	-0.01400391507303117		_
com.google.javascript.jscomp.parsing.IRFactory#int#transformTokenType#?,int#1148	-0.028911308537870804	0.0	-0.014455654268935402		_
com.google.javascript.jscomp.parsing.TypeSafeDispatcher#T#process#?,AstNode#146	-0.031019424785423882	0.0	-0.015509712392711941		_
com.google.javascript.jscomp.parsing.IRFactory#int#transformTokenType#?,int#1146	-0.03147116398132811	0.0	-0.015735581990664056		_
com.google.javascript.jscomp.parsing.TypeSafeDispatcher#T#process#?,AstNode#235	-0.035386237012498115	0.0	-0.017693118506249057		_
com.google.javascript.jscomp.parsing.IRFactory#int#transformTokenType#?,int#1028	-0.046980876374040054	0.0	-0.023490438187020027		_
com.google.javascript.jscomp.parsing.TypeSafeDispatcher#T#process#?,AstNode#231	-0.05134768860111429	0.0	-0.025673844300557146		_
com.google.javascript.jscomp.parsing.IRFactory#int#transformTokenType#?,int#1034	-0.06384580635446468	0.0	-0.03192290317723234		_
com.google.javascript.jscomp.parsing.IRFactory#int#transformTokenType#?,int#988	-0.064448125282337	0.0	-0.0322240626411685		_
com.google.javascript.jscomp.parsing.TypeSafeDispatcher#T#process#?,AstNode#169	-0.070320734829092	0.0	-0.035160367414546		_
com.google.javascript.jscomp.parsing.IRFactory#int#transformTokenType#?,int#1030	-0.07860262008733625	0.0	-0.039301310043668124		_
com.google.javascript.jscomp.parsing.TypeSafeDispatcher#T#process#?,AstNode#237	-0.07950609847914471	0.0	-0.039753049239572354		_
com.google.javascript.jscomp.parsing.TypeSafeDispatcher#T#process#?,AstNode#241	-0.10932088540882397	0.0	-0.054660442704411984		_
com.google.javascript.jscomp.parsing.TypeSafeDispatcher#T#process#?,AstNode#173	-0.11444059629573859	0.0	-0.057220298147869296		_
com.google.javascript.jscomp.parsing.TypeSafeDispatcher#T#process#?,AstNode#174	-0.11444059629573859	0.0	-0.057220298147869296		_
com.google.javascript.jscomp.parsing.IRFactory#int#transformTokenType#?,int#1006	-0.11805450986297245	0.0	-0.05902725493148622		_
com.google.javascript.jscomp.parsing.TypeSafeDispatcher#T#process#?,AstNode#245	-0.11805450986297245	0.0	-0.05902725493148622		_
com.google.javascript.jscomp.parsing.TypeSafeDispatcher#T#process#?,AstNode#144	-0.16277669025749134	0.0	-0.08138834512874567		_
com.google.javascript.jscomp.parsing.TypeSafeDispatcher#T#process#?,AstNode#257	-0.1669929227525975	0.0	-0.08349646137629875		_
com.google.javascript.jscomp.parsing.TypeSafeDispatcher#T#process#?,AstNode#216	-0.17602770667068213	0.0	-0.08801385333534106		_
com.google.javascript.jscomp.parsing.TypeSafeDispatcher#T#process#?,AstNode#253	-0.20358379762084022	0.0	-0.10179189881042011		_
com.google.javascript.jscomp.parsing.TypeSafeDispatcher#T#process#?,AstNode#249	-0.2135220599307333	0.0	-0.10676102996536666		_
com.google.javascript.jscomp.parsing.IRFactory#int#position2charno#?,int#269	-0.3503990362897154	0.0	-0.1751995181448577		_
com.google.javascript.jscomp.parsing.TypeSafeDispatcher#T#process#?,AstNode#247	-0.38051498268333084	0.0	-0.19025749134166542		_
com.google.javascript.jscomp.parsing.IRFactory#int#transformTokenType#?,int#1118	-0.41002861014907394	0.0	-0.20501430507453697		_
com.google.javascript.jscomp.parsing.IRFactory#Node#transform#?,AstNode#209	-0.4116849872007228	0.0	-0.2058424936003614		_
com.google.javascript.jscomp.parsing.IRFactory#JSDocInfo#handleJsDoc#?,AstNode#199	-0.4134919439843397	0.0	-0.20674597199216985		_
com.google.javascript.jscomp.parsing.IRFactory#JSDocInfo#handleJsDoc#?,AstNode#196	-0.41379310344827586	0.0	-0.20689655172413793		_
com.google.javascript.jscomp.parsing.IRFactory#JSDocInfo#handleJsDoc#?,AstNode#197	-0.41379310344827586	0.0	-0.20689655172413793		_
com.google.javascript.jscomp.parsing.IRFactory#JSDocInfo#handleJsDoc#?,AstNode#198	-0.41379310344827586	0.0	-0.20689655172413793		_
com.google.javascript.jscomp.parsing.IRFactory#Node#transformTree#?,AstRoot,String,Config,ErrorReporter#134	-0.41454600210811626	0.0	-0.20727300105405813		_
com.google.javascript.jscomp.parsing.IRFactory#Node#transformTree#?,AstRoot,String,Config,ErrorReporter#133	-0.41454600210811626	0.0	-0.20727300105405813		_
com.google.javascript.jscomp.parsing.TypeSafeDispatcher#T#process#?,AstNode#159	-0.4149977413040205	0.0	-0.20749887065201025		_
com.google.javascript.jscomp.parsing.IRFactory$TransformDispatcher#Node#processGeneric#?,com.google.javascript.jscomp.mozilla.rhino.Node#281	-0.4229784670983286	0.0	-0.2114892335491643		_
com.google.javascript.jscomp.parsing.IRFactory$TransformDispatcher#Node#processGeneric#?,com.google.javascript.jscomp.mozilla.rhino.Node#282	-0.4229784670983286	0.0	-0.2114892335491643		_
com.google.javascript.jscomp.parsing.TypeSafeDispatcher#T#process#?,AstNode#184	-0.4348742659238067	0.0	-0.21743713296190334		_
com.google.javascript.jscomp.parsing.IRFactory#int#transformTokenType#?,int#1020	-0.4348742659238067	0.0	-0.21743713296190334		_
com.google.javascript.jscomp.parsing.IRFactory$TransformDispatcher#Node#processFunctionNode#?,FunctionNode#554	-0.45595542839933745	0.0	-0.22797771419966872		_
com.google.javascript.jscomp.parsing.IRFactory$TransformDispatcher#Node#processFunctionNode#?,FunctionNode#553	-0.45595542839933745	0.0	-0.22797771419966872		_
com.google.javascript.jscomp.parsing.TypeSafeDispatcher#T#process#?,AstNode#233	-0.560608342117151	0.0	-0.2803041710585755		_
com.google.javascript.jscomp.parsing.IRFactory$TransformDispatcher#Node#processFunctionNode#?,FunctionNode#545	-0.5803342870049691	0.0	-0.29016714350248457		_
com.google.javascript.jscomp.parsing.TypeSafeDispatcher#T#process#?,AstNode#269	-0.5901219695828941	0.0	-0.29506098479144705		_
com.google.javascript.jscomp.parsing.TypeSafeDispatcher#T#process#?,AstNode#266	-0.5901219695828941	0.0	-0.29506098479144705		_
com.google.javascript.jscomp.parsing.TypeSafeDispatcher#T#process#?,AstNode#267	-0.5901219695828941	0.0	-0.29506098479144705		_
com.google.javascript.jscomp.parsing.TypeSafeDispatcher#T#process#?,AstNode#268	-0.5901219695828941	0.0	-0.29506098479144705		_
com.google.javascript.jscomp.parsing.IRFactory#int#transformTokenType#?,int#1205	-0.753802138232194	0.0	-0.376901069116097		_
com.google.javascript.jscomp.parsing.TypeSafeDispatcher#T#process#?,AstNode#202	-0.753802138232194	0.0	-0.376901069116097		_
com.google.javascript.jscomp.parsing.TypeSafeDispatcher#T#process#?,AstNode#201	-0.7562114139436832	0.0	-0.3781057069718416		_
com.google.javascript.rhino.Node#PropListItem#removeProp#?,PropListItem,int#783	-0.8229182352055413	0.0	-0.41145911760277065		_
com.google.javascript.rhino.Node#void#removeProp#?,int#765	-0.8233699744014455	0.0	-0.4116849872007228		_
com.google.javascript.rhino.Node#PropListItem#removeProp#?,PropListItem,int#779	-0.8233699744014455	0.0	-0.4116849872007228		_
com.google.javascript.rhino.Node#Object#getProp#?,int#796	-0.826230989308839	0.0	-0.4131154946544195		_
com.google.javascript.rhino.Node#PropListItem#lookupProperty#?,int#742	-0.8506249058876675	0.0	-0.42531245294383374		_
com.google.javascript.rhino.Node#PropListItem#lookupProperty#?,int#743	-0.8506249058876675	0.0	-0.42531245294383374		_
