line	original_score	max_predicate_score	total	predicate	label
com.google.javascript.jscomp.parsing.ParserRunner#Node#parse#?,String,String,Config,ErrorReporter,Logger#106	0.5441284929935262	0.9792066066951777	0.7616675498443519	config.isIdeMode	_
com.google.javascript.rhino.Node#int#mergeLineCharNo#?,int,int#1148	0.7489284908639747	0.7489284908639747	0.7489284908639747	(-1)<= 0	_
com.google.javascript.jscomp.parsing.IRFactory$TransformDispatcher#Node#processFunctionNode#?,FunctionNode#523	0.5954088952654232	0.7652414428950098	0.6803251690802166	isUnnamedFunction	_
com.google.javascript.jscomp.parsing.IRFactory$TransformDispatcher#Node#processFunctionNode#?,FunctionNode#516	0.5954088952654232	0.7652414428950098	0.6803251690802166	name == null	_
com.google.javascript.jscomp.parsing.IRFactory$TransformDispatcher#Node#processFunctionNode#?,FunctionNode#544	0.5954088952654232	0.7652414428950098	0.6803251690802166	!(fnName != null)	_
com.google.javascript.rhino.Node#void#setLineno#?,int#1133	0.5406285621234327	0.7652414428950098	0.6529350025092213	sourcePosition < charno	_
com.google.javascript.rhino.Node#void#setLineno#?,int#1131	0.5406285621234327	0.7652414428950098	0.6529350025092213	charno > lineno	_
com.google.javascript.rhino.Node#void#setCharno#?,int#1137	0.5406725836658253	0.7552320291173794	0.6479523063916024	sourcePosition == charno	_
com.google.javascript.rhino.Node#int#mergeLineCharNo#?,int,int#1147	0.5278219395866455	0.7489284908639747	0.6383752152253102	lineno < 0 || charno < 0	_
com.google.javascript.jscomp.parsing.TypeSafeDispatcher#T#process#?,AstNode#171	0.58652062538645	0.5935460802717439	0.590033352829097	node instanceof Block	_
com.google.javascript.jscomp.parsing.IRFactory#Node#transformTree#?,AstRoot,String,Config,ErrorReporter#132	0.5406725836658253	0.6232400976159189	0.5819563406408721	!(node.getComments() != null)	_
com.google.javascript.jscomp.parsing.IRFactory#Node#transform#?,AstNode#213	0.5406725836658253	0.5954088952654232	0.5680407394656242	irNode.getType() == Token.FUNCTION && irNode.getFirstChild().getLineno() != -1	_
com.google.javascript.jscomp.parsing.IRFactory$TransformDispatcher#boolean#isDirective#?,Node#389	0.5406725836658253	0.5901173124777818	0.5653949480718035	n == null	_
com.google.javascript.rhino.Node#int#extractCharno#?,int#1176	0.550991618952784	0.5525045764686304	0.5517480977107072	(lineCharNo & COLUMN_MASK)!= 0	_
com.google.javascript.jscomp.parsing.ParserRunner#Node#parse#?,String,String,Config,ErrorReporter,Logger#121	0.5441284929935262	0.5451112388145473	0.5446198659040367	astRoot != null	_
com.google.javascript.rhino.Node#PropListItem#removeProp#?,PropListItem,int#782	0.5439501925124929	0.5439501925124929	0.5439501925124929	!(result != item.next)	_
com.google.javascript.rhino.Node#PropListItem#removeProp#?,PropListItem,int#778	0.5439056356487548	0.5439501925124929	0.5439279140806239	!(item.type == propType)	_
com.google.javascript.rhino.Node#int#getCharno#?#863	0.5327342747111682	0.5525965379494008	0.5426654063302845	(extractCharno(sourcePosition))> 0	_
com.google.javascript.rhino.Node#int#extractCharno#?,int#1173	0.5326060800513355	0.550991618952784	0.5417988495020598	!(lineCharNo == -1)	_
com.google.javascript.jscomp.parsing.IRFactory#int#position2charno#?,int#265	0.5406725836658253	0.5422178670586314	0.5414452253622284	lineIndex == -1	_
com.google.javascript.jscomp.parsing.IRFactory#void#setFileOverviewJsDoc#?,Node#150	0.5406725836658253	0.5408046913178042	0.5407386374918147	!(fileOverviewInfo != null)	_
com.google.javascript.jscomp.parsing.IRFactory#Node#transform#?,AstNode#208	0.5406725836658253	0.5406725836658253	0.5406725836658253	!(jsDocInfo != null)	_
com.google.javascript.jscomp.parsing.IRFactory#JSDocInfo#handleJsDoc#?,AstNode#195	0.5406725836658253	0.5406725836658253	0.5406725836658253	!(comment != null)	_
com.google.javascript.jscomp.parsing.IRFactory$TransformDispatcher#void#parseDirectives#?,Node#383	0.5406725836658253	0.5406725836658253	0.5406725836658253	!(directives != null)	_
com.google.javascript.jscomp.parsing.IRFactory#Node#transform#?,AstNode#218	0.5406725836658253	0.5406725836658253	0.5406725836658253	irNode.getLineno() == -1	_
com.google.javascript.rhino.Node#void#setLineno#?,int#1130	0.5406285621234327	0.5406285621234327	0.5406285621234327	charno == -1	_
com.google.javascript.jscomp.parsing.ParserRunner#void#initResourceConfig#?#65	0.5397057628220759	0.5411572942135289	0.5404315285178024	annotationNames != null	_
com.google.javascript.rhino.Node#int#extractCharno#?,int#1174	0.5401008622092077	0.5401008622092077	0.5401008622092077	(-1)<= 0	_
com.google.javascript.rhino.Node#int#extractLineno#?,int#1162	0.5401008622092077	0.5401008622092077	0.5401008622092077	(-1)<= 0	_
com.google.javascript.rhino.Node#int#extractLineno#?,int#1164	0.5331620362935603	0.5424836601307189	0.5378228482121397	(lineCharNo >>> COLUMN_BITS)!= 0	_
com.google.javascript.rhino.Node#int#getLineno#?#859	0.5327342747111682	0.5425723157378657	0.537653295224517	(extractLineno(sourcePosition))> 0	_
com.google.javascript.rhino.Node#void#putIntProp#?,int,int#836	0.5366523882647701	0.5366957646298092	0.5366740764472897	value != 0	_
com.google.javascript.rhino.Node#Object#getProp#?,int#793	0.5363922772437192	0.5363922772437192	0.5363922772437192	item == null	_
com.google.javascript.rhino.Node#int#extractLineno#?,int#1161	0.5326060800513355	0.5401008622092077	0.5363534711302715	lineCharNo == -1	_
com.google.javascript.rhino.Node$StringNode#?#StringNode#?,int,String#278	0.535699878983461	0.535699878983461	0.535699878983461	!(null == str)	_
com.google.javascript.rhino.Node#void#addChildToBack#?,Node#606	0.530690537084399	0.5390047893497849	0.534847663217092	!(last == null)	_
com.google.javascript.rhino.Node#PropListItem#removeProp#?,PropListItem,int#776	0.5204577519987459	0.5439056356487548	0.5321816938237504	!(item == null)	_
com.google.javascript.rhino.Node#void#putProp#?,int,Object#825	0.5228346456692914	0.5376518218623482	0.5302432337658198	!(value != null)	_
com.google.javascript.rhino.Node#int#getType#?#536	0.5282838730209245	0.5282838730209245	0.5282838730209245	(type)> 0	_
com.google.javascript.rhino.Node#int#mergeLineCharNo#?,int,int#1152	0.5279058673875019	0.5284941101560013	0.5281999887717517	(lineno << COLUMN_BITS | (charno & COLUMN_MASK))> 0	_
com.google.javascript.rhino.Node#int#mergeLineCharNo#?,int,int#1149	0.5278639001510455	0.5279058673875019	0.5278848837692737	!((charno & ~COLUMN_MASK) != 0)	_
com.google.javascript.jscomp.parsing.Config#Map<String,Annotation>#buildAnnotationNames#?,Set<String>#87	0.5243209096651927	0.5243209096651927	0.5243209096651927	!(!Annotation.recognizedAnnotations.containsKey(unrecognizedAnnotation))	_
com.google.javascript.rhino.Node$PropListItem#?#PropListItem#?,int,int,Object,PropListItem#361	0.5229993698802773	0.5229993698802773	0.5229993698802773	this.intValue >= intValue	_
com.google.javascript.rhino.Node$PropListItem#?#PropListItem#?,int,int,Object,PropListItem#360	0.5229993698802773	0.5229993698802773	0.5229993698802773	this.type <= type	_
com.google.javascript.rhino.Node#void#removeProp#?,int#764	0.5204577519987459	0.5204577519987459	0.5204577519987459	!(result != propListHead)	_
com.google.javascript.rhino.Node#?#Node#?,int#369	0.5169729056368733	0.5169729056368733	0.5169729056368733	type == nodeType	_
com.google.javascript.rhino.Node#?#Node#?,int#371	0.5169729056368733	0.5169729056368733	0.5169729056368733	sourcePosition <= nodeType	_
com.google.javascript.jscomp.testing.TestErrorReporter#boolean#hasEncounteredAllErrors#?#84	0.9872137972048766	0.0	0.4936068986024383		_
com.google.javascript.jscomp.parsing.ParserRunner#Node#parse#?,String,String,Config,ErrorReporter,Logger#108	0.9792066066951777	0.0	0.48960330334758884		_
com.google.javascript.jscomp.parsing.ParserRunner#Node#parse#?,String,String,Config,ErrorReporter,Logger#107	0.9792066066951777	0.0	0.48960330334758884		_
com.google.javascript.jscomp.testing.TestErrorReporter#?#TestErrorReporter#?,String[],String[]#44	0.9238903575900933	0.0	0.46194517879504665		_
com.google.javascript.jscomp.testing.TestErrorReporter#?#TestErrorReporter#?,String[],String[]#45	0.9238903575900933	0.0	0.46194517879504665		_
com.google.javascript.jscomp.parsing.TypeSafeDispatcher#T#process#?,AstNode#198	0.8927130949179887	0.0	0.44635654745899433		_
com.google.javascript.jscomp.parsing.IRFactory$TransformDispatcher#Node#processEmptyExpression#?,EmptyExpression#468	0.8927130949179887	0.0	0.44635654745899433		_
com.google.javascript.jscomp.parsing.IRFactory$TransformDispatcher#Node#processEmptyExpression#?,EmptyExpression#467	0.8927130949179887	0.0	0.44635654745899433		_
com.google.javascript.jscomp.parsing.IRFactory$TransformDispatcher#Node#processFunctionNode#?,FunctionNode#526	0.7652414428950098	0.0	0.3826207214475049		_
com.google.javascript.jscomp.parsing.IRFactory$TransformDispatcher#Node#processFunctionNode#?,FunctionNode#530	0.7652414428950098	0.0	0.3826207214475049		_
com.google.javascript.jscomp.parsing.IRFactory$TransformDispatcher#Node#processFunctionNode#?,FunctionNode#532	0.7652414428950098	0.0	0.3826207214475049		_
com.google.javascript.jscomp.parsing.IRFactory$TransformDispatcher#Node#processFunctionNode#?,FunctionNode#519	0.7652414428950098	0.0	0.3826207214475049		_
com.google.javascript.jscomp.parsing.IRFactory$TransformDispatcher#Node#processFunctionNode#?,FunctionNode#518	0.7652414428950098	0.0	0.3826207214475049		_
com.google.javascript.jscomp.parsing.IRFactory$TransformDispatcher#Node#processFunctionNode#?,FunctionNode#517	0.7652414428950098	0.0	0.3826207214475049		_
com.google.javascript.jscomp.parsing.IRFactory$TransformDispatcher#Node#processFunctionNode#?,FunctionNode#547	0.7652414428950098	0.0	0.3826207214475049		_
com.google.javascript.jscomp.parsing.IRFactory$TransformDispatcher#Node#processFunctionNode#?,FunctionNode#521	0.5954088952654232	0.0	0.2977044476327116		_
com.google.javascript.jscomp.parsing.IRFactory$TransformDispatcher#Node#processFunctionNode#?,FunctionNode#522	0.5954088952654232	0.0	0.2977044476327116		_
com.google.javascript.jscomp.parsing.IRFactory$TransformDispatcher#Node#processFunctionNode#?,FunctionNode#535	0.5954088952654232	0.0	0.2977044476327116		_
com.google.javascript.jscomp.parsing.IRFactory$TransformDispatcher#Node#processFunctionNode#?,FunctionNode#536	0.5954088952654232	0.0	0.2977044476327116		_
com.google.javascript.jscomp.parsing.IRFactory$TransformDispatcher#Node#processFunctionNode#?,FunctionNode#515	0.5954088952654232	0.0	0.2977044476327116		_
com.google.javascript.jscomp.parsing.IRFactory$TransformDispatcher#Node#processFunctionNode#?,FunctionNode#514	0.5954088952654232	0.0	0.2977044476327116		_
com.google.javascript.jscomp.parsing.TypeSafeDispatcher#T#process#?,AstNode#229	0.5954088952654232	0.0	0.2977044476327116		_
com.google.javascript.jscomp.parsing.IRFactory$TransformDispatcher#Node#processFunctionNode#?,FunctionNode#561	0.5954088952654232	0.0	0.2977044476327116		_
com.google.javascript.jscomp.parsing.IRFactory$TransformDispatcher#Node#processFunctionNode#?,FunctionNode#560	0.5954088952654232	0.0	0.2977044476327116		_
com.google.javascript.jscomp.parsing.IRFactory#Node#transform#?,AstNode#215	0.5954088952654232	0.0	0.2977044476327116		_
com.google.javascript.jscomp.parsing.IRFactory#Node#transform#?,AstNode#216	0.5954088952654232	0.0	0.2977044476327116		_
com.google.javascript.jscomp.parsing.IRFactory$TransformDispatcher#Node#processFunctionNode#?,FunctionNode#543	0.5954088952654232	0.0	0.2977044476327116		_
com.google.javascript.jscomp.parsing.IRFactory$TransformDispatcher#Node#processFunctionNode#?,FunctionNode#549	0.5954088952654232	0.0	0.2977044476327116		_
com.google.javascript.jscomp.parsing.IRFactory$TransformDispatcher#Node#processFunctionNode#?,FunctionNode#556	0.5954088952654232	0.0	0.2977044476327116		_
com.google.javascript.jscomp.parsing.IRFactory$TransformDispatcher#Node#processFunctionNode#?,FunctionNode#558	0.5954088952654232	0.0	0.2977044476327116		_
com.google.javascript.jscomp.parsing.IRFactory$TransformDispatcher#Node#processFunctionNode#?,FunctionNode#559	0.5954088952654232	0.0	0.2977044476327116		_
com.google.javascript.jscomp.parsing.IRFactory$TransformDispatcher#Node#processFunctionNode#?,FunctionNode#552	0.5954088952654232	0.0	0.2977044476327116		_
com.google.javascript.jscomp.parsing.TypeSafeDispatcher#T#process#?,AstNode#172	0.5935460802717439	0.0	0.29677304013587197		_
com.google.javascript.jscomp.parsing.IRFactory$TransformDispatcher#Node#processBlock#?,Block#399	0.5935460802717439	0.0	0.29677304013587197		_
com.google.javascript.jscomp.parsing.IRFactory#int#transformTokenType#?,int#1196	0.58652062538645	0.0	0.293260312693225		_
com.google.javascript.jscomp.parsing.IRFactory$TransformDispatcher#Node#processGeneric#?,com.google.javascript.jscomp.mozilla.rhino.Node#280	0.58652062538645	0.0	0.293260312693225		_
com.google.javascript.jscomp.parsing.IRFactory$TransformDispatcher#Node#processGeneric#?,com.google.javascript.jscomp.mozilla.rhino.Node#284	0.58652062538645	0.0	0.293260312693225		_
com.google.javascript.jscomp.parsing.IRFactory#int#transformTokenType#?,int#942	0.5463671521435037	0.0	0.27318357607175187		_
com.google.javascript.jscomp.parsing.ParserRunner#Node#parse#?,String,String,Config,ErrorReporter,Logger#122	0.5451112388145473	0.0	0.27255561940727363		_
com.google.javascript.jscomp.parsing.ParserRunner#Node#parse#?,String,String,Config,ErrorReporter,Logger#124	0.5451112388145473	0.0	0.27255561940727363		_
com.google.javascript.jscomp.parsing.ParserRunner#Node#parse#?,String,String,Config,ErrorReporter,Logger#104	0.5441284929935262	0.0	0.2720642464967631		_
com.google.javascript.jscomp.parsing.ParserRunner#Node#parse#?,String,String,Config,ErrorReporter,Logger#105	0.5441284929935262	0.0	0.2720642464967631		_
com.google.javascript.jscomp.parsing.ParserRunner#Node#parse#?,String,String,Config,ErrorReporter,Logger#102	0.5441284929935262	0.0	0.2720642464967631		_
com.google.javascript.jscomp.parsing.ParserRunner#Node#parse#?,String,String,Config,ErrorReporter,Logger#103	0.5441284929935262	0.0	0.2720642464967631		_
com.google.javascript.jscomp.parsing.ParserRunner#Node#parse#?,String,String,Config,ErrorReporter,Logger#100	0.5441284929935262	0.0	0.2720642464967631		_
com.google.javascript.jscomp.parsing.ParserRunner#Node#parse#?,String,String,Config,ErrorReporter,Logger#101	0.5441284929935262	0.0	0.2720642464967631		_
com.google.javascript.jscomp.parsing.ParserRunner#Node#parse#?,String,String,Config,ErrorReporter,Logger#120	0.5441284929935262	0.0	0.2720642464967631		_
com.google.javascript.jscomp.parsing.ParserRunner#Node#parse#?,String,String,Config,ErrorReporter,Logger#126	0.5441284929935262	0.0	0.2720642464967631		_
com.google.javascript.jscomp.parsing.ParserRunner#Node#parse#?,String,String,Config,ErrorReporter,Logger#118	0.5441284929935262	0.0	0.2720642464967631		_
com.google.javascript.jscomp.parsing.ParserRunner#Node#parse#?,String,String,Config,ErrorReporter,Logger#111	0.5441284929935262	0.0	0.2720642464967631		_
com.google.javascript.jscomp.parsing.ParserRunner#Node#parse#?,String,String,Config,ErrorReporter,Logger#112	0.5441284929935262	0.0	0.2720642464967631		_
com.google.javascript.jscomp.parsing.ParserRunner#Node#parse#?,String,String,Config,ErrorReporter,Logger#114	0.5441284929935262	0.0	0.2720642464967631		_
com.google.javascript.jscomp.parsing.ParserRunner#Node#parse#?,String,String,Config,ErrorReporter,Logger#99	0.5441284929935262	0.0	0.2720642464967631		_
com.google.javascript.jscomp.parsing.ParserRunner#Node#parse#?,String,String,Config,ErrorReporter,Logger#98	0.5441284929935262	0.0	0.2720642464967631		_
com.google.javascript.rhino.Node#PropListItem#removeProp#?,PropListItem,int#781	0.5439501925124929	0.0	0.27197509625624644		_
com.google.javascript.rhino.Node#PropListItem#removeProp#?,PropListItem,int#786	0.5439501925124929	0.0	0.27197509625624644		_
com.google.javascript.jscomp.parsing.TypeSafeDispatcher#T#process#?,AstNode#243	0.5428384565075213	0.0	0.27141922825376064		_
com.google.javascript.jscomp.parsing.IRFactory$TransformDispatcher#Node#processName#?,Name#627	0.5428384565075213	0.0	0.27141922825376064		_
com.google.javascript.jscomp.parsing.IRFactory#Node#newStringNode#?,int,String#1276	0.5427497139120484	0.0	0.2713748569560242		_
com.google.javascript.jscomp.parsing.IRFactory#int#position2charno#?,int#266	0.5422178670586314	0.0	0.2711089335293157		_
com.google.javascript.jscomp.parsing.ParserRunner#void#initResourceConfig#?#66	0.5411572942135289	0.0	0.27057864710676444		_
com.google.javascript.jscomp.parsing.IRFactory$TransformDispatcher#boolean#isDirective#?,Node#391	0.540892798957315	0.0	0.2704463994786575		_
com.google.javascript.jscomp.parsing.IRFactory$TransformDispatcher#boolean#isDirective#?,Node#392	0.540892798957315	0.0	0.2704463994786575		_
com.google.javascript.jscomp.parsing.IRFactory$TransformDispatcher#Node#processAstRoot#?,AstRoot#356	0.540892798957315	0.0	0.2704463994786575		_
com.google.javascript.jscomp.parsing.IRFactory$TransformDispatcher#Node#processAstRoot#?,AstRoot#355	0.540892798957315	0.0	0.2704463994786575		_
com.google.javascript.jscomp.parsing.TypeSafeDispatcher#T#process#?,AstNode#255	0.5406725836658253	0.0	0.27033629183291263		_
com.google.javascript.jscomp.parsing.IRFactory#Node#transform#?,AstNode#206	0.5406725836658253	0.0	0.27033629183291263		_
com.google.javascript.jscomp.parsing.IRFactory#Node#transform#?,AstNode#207	0.5406725836658253	0.0	0.27033629183291263		_
com.google.javascript.jscomp.parsing.IRFactory#int#position2charno#?,int#264	0.5406725836658253	0.0	0.27033629183291263		_
com.google.javascript.jscomp.parsing.IRFactory#?#IRFactory#?,String,String,Config,ErrorReporter#111	0.5406725836658253	0.0	0.27033629183291263		_
com.google.javascript.jscomp.parsing.IRFactory#JSDocInfo#handleJsDoc#?,AstNode#194	0.5406725836658253	0.0	0.27033629183291263		_
com.google.javascript.jscomp.parsing.IRFactory#?#IRFactory#?,String,String,Config,ErrorReporter#108	0.5406725836658253	0.0	0.27033629183291263		_
com.google.javascript.jscomp.parsing.IRFactory#?#IRFactory#?,String,String,Config,ErrorReporter#109	0.5406725836658253	0.0	0.27033629183291263		_
com.google.javascript.jscomp.parsing.IRFactory#?#IRFactory#?,String,String,Config,ErrorReporter#107	0.5406725836658253	0.0	0.27033629183291263		_
com.google.javascript.jscomp.parsing.IRFactory#?#IRFactory#?,String,String,Config,ErrorReporter#106	0.5406725836658253	0.0	0.27033629183291263		_
com.google.javascript.jscomp.parsing.IRFactory#?#IRFactory#?,String,String,Config,ErrorReporter#105	0.5406725836658253	0.0	0.27033629183291263		_
com.google.javascript.jscomp.parsing.IRFactory#Node#transformTree#?,AstRoot,String,Config,ErrorReporter#130	0.5406725836658253	0.0	0.27033629183291263		_
com.google.javascript.jscomp.parsing.IRFactory$TransformDispatcher#void#parseDirectives#?,Node#373	0.5406725836658253	0.0	0.27033629183291263		_
com.google.javascript.jscomp.parsing.IRFactory#Node#newNode#?,int#1256	0.5406725836658253	0.0	0.27033629183291263		_
com.google.javascript.jscomp.parsing.IRFactory#Node#transformTree#?,AstRoot,String,Config,ErrorReporter#140	0.5406725836658253	0.0	0.27033629183291263		_
com.google.javascript.jscomp.parsing.IRFactory#Node#transformTree#?,AstRoot,String,Config,ErrorReporter#142	0.5406725836658253	0.0	0.27033629183291263		_
com.google.javascript.jscomp.parsing.TypeSafeDispatcher#T#process#?,AstNode#119	0.5406725836658253	0.0	0.27033629183291263		_
com.google.javascript.jscomp.parsing.IRFactory#void#setFileOverviewJsDoc#?,Node#149	0.5406725836658253	0.0	0.27033629183291263		_
com.google.javascript.jscomp.parsing.IRFactory#Node#justTransform#?,AstNode#274	0.5406725836658253	0.0	0.27033629183291263		_
com.google.javascript.jscomp.parsing.IRFactory#Node#createTemplateNode#?#120	0.5406725836658253	0.0	0.27033629183291263		_
com.google.javascript.jscomp.parsing.IRFactory#Node#transform#?,AstNode#223	0.5406725836658253	0.0	0.27033629183291263		_
com.google.javascript.jscomp.parsing.IRFactory#Node#createTemplateNode#?#121	0.5406725836658253	0.0	0.27033629183291263		_
com.google.javascript.jscomp.parsing.IRFactory#Node#transform#?,AstNode#224	0.5406725836658253	0.0	0.27033629183291263		_
com.google.javascript.jscomp.parsing.IRFactory#Node#transform#?,AstNode#222	0.5406725836658253	0.0	0.27033629183291263		_
com.google.javascript.jscomp.parsing.IRFactory#Node#transform#?,AstNode#228	0.5406725836658253	0.0	0.27033629183291263		_
com.google.javascript.jscomp.parsing.IRFactory#Node#transform#?,AstNode#225	0.5406725836658253	0.0	0.27033629183291263		_
com.google.javascript.jscomp.parsing.IRFactory#JSDocInfo#handleJsDoc#?,AstNode#202	0.5406725836658253	0.0	0.27033629183291263		_
com.google.javascript.jscomp.parsing.IRFactory#Node#createTemplateNode#?#119	0.5406725836658253	0.0	0.27033629183291263		_
com.google.javascript.jscomp.parsing.IRFactory$TransformDispatcher#Node#processAstRoot#?,AstRoot#358	0.5406725836658253	0.0	0.27033629183291263		_
com.google.javascript.jscomp.parsing.IRFactory$TransformDispatcher#Node#processAstRoot#?,AstRoot#359	0.5406725836658253	0.0	0.27033629183291263		_
com.google.javascript.jscomp.parsing.IRFactory$TransformDispatcher#Node#processAstRoot#?,AstRoot#354	0.5406725836658253	0.0	0.27033629183291263		_
com.google.javascript.jscomp.parsing.IRFactory#Node#transformTree#?,AstRoot,String,Config,ErrorReporter#128	0.5406725836658253	0.0	0.27033629183291263		_
com.google.javascript.rhino.Node#void#setLineno#?,int#1129	0.5406285621234327	0.0	0.27031428106171634		_
com.google.javascript.rhino.Node#void#setIsSyntheticBlock#?,boolean#2012	0.5398812911618831	0.0	0.26994064558094155		_
com.google.javascript.jscomp.parsing.ParserRunner#Config#createConfig#?,boolean,boolean,boolean#59	0.5397057628220759	0.0	0.26985288141103797		_
com.google.javascript.jscomp.parsing.ParserRunner#Config#createConfig#?,boolean,boolean,boolean#60	0.5397057628220759	0.0	0.26985288141103797		_
com.google.javascript.rhino.Node#void#addChildToBack#?,Node#611	0.5390047893497849	0.0	0.26950239467489245		_
com.google.javascript.rhino.Node#void#addChildToBack#?,Node#610	0.5390047893497849	0.0	0.26950239467489245		_
com.google.javascript.rhino.Node#FileLevelJsDocBuilder#getJsDocBuilderForNode#?#1927	0.5387861084063615	0.0	0.26939305420318077		_
com.google.javascript.rhino.Node#void#setJSDocInfo#?,JSDocInfo#1968	0.5387861084063615	0.0	0.26939305420318077		_
com.google.javascript.rhino.Node$PropListItem#?#PropListItem#?,int,int,PropListItem#351	0.5366957646298092	0.0	0.2683478823149046		_
com.google.javascript.rhino.Node#void#putBooleanProp#?,int,boolean#831	0.5366957646298092	0.0	0.2683478823149046		_
com.google.javascript.rhino.Node#void#putIntProp#?,int,int#837	0.5366957646298092	0.0	0.2683478823149046		_
com.google.javascript.rhino.Node#void#putIntProp#?,int,int#835	0.5366523882647701	0.0	0.26832619413238507		_
com.google.javascript.rhino.Node#Node#newString#?,int,String#524	0.5365656565656566	0.0	0.2682828282828283		_
com.google.javascript.rhino.Node#JSDocInfo#getJSDocInfo#?#1961	0.5364356115689126	0.0	0.2682178057844563		_
com.google.javascript.rhino.Node#Object#getProp#?,int#794	0.5363922772437192	0.0	0.2681961386218596		_
com.google.javascript.rhino.Node#Object#getProp#?,int#792	0.5363922772437192	0.0	0.2681961386218596		_
com.google.javascript.rhino.Node$StringNode#?#StringNode#?,int,String#281	0.535699878983461	0.0	0.2678499394917305		_
com.google.javascript.rhino.Node$StringNode#?#StringNode#?,int,String#277	0.535699878983461	0.0	0.2678499394917305		_
com.google.javascript.rhino.Node#void#addChildToBack#?,Node#607	0.5308602494403581	0.0	0.2654301247201791		_
com.google.javascript.rhino.Node#void#addChildToBack#?,Node#608	0.5308602494403581	0.0	0.2654301247201791		_
com.google.javascript.rhino.Node#void#addChildToBack#?,Node#602	0.530690537084399	0.0	0.2653452685421995		_
com.google.javascript.rhino.Node#void#addChildToBack#?,Node#603	0.530690537084399	0.0	0.2653452685421995		_
com.google.javascript.rhino.Node#void#addChildToBack#?,Node#604	0.530690537084399	0.0	0.2653452685421995		_
com.google.javascript.rhino.Node#void#addChildToBack#?,Node#605	0.530690537084399	0.0	0.2653452685421995		_
com.google.javascript.rhino.Node#Node#clonePropsFrom#?,Node#759	0.5297167929796569	0.0	0.26485839648982845		_
com.google.javascript.rhino.Node#Node#clonePropsFrom#?,Node#758	0.5297167929796569	0.0	0.26485839648982845		_
com.google.javascript.rhino.Node#Node#clonePropsFrom#?,Node#756	0.5297167929796569	0.0	0.26485839648982845		_
com.google.javascript.rhino.Node#Node#getFirstChild#?#548	0.5290836653386455	0.0	0.26454183266932274		_
com.google.javascript.rhino.Node#void#putProp#?,int,Object#826	0.5289572213813432	0.0	0.2644786106906716		_
com.google.javascript.rhino.Node$PropListItem#?#PropListItem#?,int,Object,PropListItem#355	0.5289572213813432	0.0	0.2644786106906716		_
com.google.javascript.rhino.Node#PropListItem#lookupProperty#?,int#741	0.5273608132793265	0.0	0.26368040663966325		_
com.google.javascript.rhino.Node#PropListItem#lookupProperty#?,int#745	0.5273608132793265	0.0	0.26368040663966325		_
com.google.javascript.jscomp.parsing.Config#Map<String,Annotation>#buildAnnotationNames#?,Set<String>#89	0.5243209096651927	0.0	0.26216045483259637		_
com.google.javascript.jscomp.parsing.Config#Map<String,Annotation>#buildAnnotationNames#?,Set<String>#86	0.5243209096651927	0.0	0.26216045483259637		_
com.google.javascript.jscomp.parsing.Config#Map<String,Annotation>#buildAnnotationNames#?,Set<String>#93	0.5240726124704025	0.0	0.26203630623520124		_
com.google.javascript.jscomp.parsing.Config#Map<String,Annotation>#buildAnnotationNames#?,Set<String>#85	0.5240726124704025	0.0	0.26203630623520124		_
com.google.javascript.jscomp.parsing.Config#Map<String,Annotation>#buildAnnotationNames#?,Set<String>#83	0.5240726124704025	0.0	0.26203630623520124		_
com.google.javascript.jscomp.parsing.Config#?#Config#?,Set<String>,Set<String>,boolean,boolean,boolean#73	0.5240726124704025	0.0	0.26203630623520124		_
com.google.javascript.jscomp.parsing.Config#?#Config#?,Set<String>,Set<String>,boolean,boolean,boolean#74	0.5240726124704025	0.0	0.26203630623520124		_
com.google.javascript.jscomp.parsing.Config#?#Config#?,Set<String>,Set<String>,boolean,boolean,boolean#71	0.5240726124704025	0.0	0.26203630623520124		_
com.google.javascript.jscomp.parsing.Config#?#Config#?,Set<String>,Set<String>,boolean,boolean,boolean#72	0.5240726124704025	0.0	0.26203630623520124		_
com.google.javascript.jscomp.parsing.Config#?#Config#?,Set<String>,Set<String>,boolean,boolean,boolean#70	0.5240726124704025	0.0	0.26203630623520124		_
com.google.javascript.jscomp.parsing.Config#?#Config#?,Set<String>,Set<String>,boolean,boolean,boolean#69	0.5240726124704025	0.0	0.26203630623520124		_
com.google.javascript.rhino.Node$PropListItem#?#PropListItem#?,int,int,Object,PropListItem#362	0.5229993698802773	0.0	0.26149968494013864		_
com.google.javascript.rhino.Node$PropListItem#?#PropListItem#?,int,int,Object,PropListItem#363	0.5229993698802773	0.0	0.26149968494013864		_
com.google.javascript.rhino.Node#void#putProp#?,int,Object#824	0.5228346456692914	0.0	0.2614173228346457		_
com.google.javascript.rhino.Node#void#removeProp#?,int#763	0.5204577519987459	0.0	0.26022887599937294		_
com.google.javascript.rhino.Node#PropListItem#removeProp#?,PropListItem,int#777	0.5204577519987459	0.0	0.26022887599937294		_
com.google.javascript.rhino.Node#?#Node#?,int#370	0.5169729056368733	0.0	0.25848645281843663		_
com.google.javascript.jscomp.parsing.TypeSafeDispatcher#T#process#?,AstNode#269	0.0	0.0	0.0		_
com.google.javascript.jscomp.parsing.TypeSafeDispatcher#T#process#?,AstNode#266	0.0	0.0	0.0		_
com.google.javascript.jscomp.parsing.ParserRunner#Set<String>#extractList#?,String#75	0.0	0.0	0.0		_
com.google.javascript.jscomp.parsing.TypeSafeDispatcher#T#process#?,AstNode#267	0.0	0.0	0.0		_
com.google.javascript.jscomp.parsing.ParserRunner#Set<String>#extractList#?,String#76	0.0	0.0	0.0		_
com.google.javascript.jscomp.parsing.TypeSafeDispatcher#T#process#?,AstNode#268	0.0	0.0	0.0		_
com.google.javascript.jscomp.parsing.TypeSafeDispatcher#T#process#?,AstNode#261	0.0	0.0	0.0		_
com.google.javascript.jscomp.parsing.IRFactory#int#transformTokenType#?,int#1247	0.0	0.0	0.0		_
com.google.javascript.jscomp.parsing.TypeSafeDispatcher#T#process#?,AstNode#263	0.0	0.0	0.0		_
com.google.javascript.jscomp.parsing.ParserRunner#Set<String>#extractList#?,String#80	0.0	0.0	0.0		_
com.google.javascript.jscomp.parsing.TypeSafeDispatcher#T#process#?,AstNode#259	0.0	0.0	0.0		_
com.google.javascript.jscomp.parsing.TypeSafeDispatcher#T#process#?,AstNode#190	0.0	0.0	0.0		_
com.google.javascript.jscomp.parsing.TypeSafeDispatcher#T#process#?,AstNode#257	0.0	0.0	0.0		_
com.google.javascript.jscomp.parsing.TypeSafeDispatcher#T#process#?,AstNode#194	0.0	0.0	0.0		_
com.google.javascript.jscomp.parsing.TypeSafeDispatcher#T#process#?,AstNode#196	0.0	0.0	0.0		_
com.google.javascript.jscomp.parsing.TypeSafeDispatcher#T#process#?,AstNode#253	0.0	0.0	0.0		_
com.google.javascript.jscomp.parsing.TypeSafeDispatcher#T#process#?,AstNode#251	0.0	0.0	0.0		_
com.google.javascript.jscomp.parsing.ParserRunner#Set<String>#extractList#?,String#78	0.0	0.0	0.0		_
com.google.javascript.jscomp.parsing.ParserRunner#Set<String>#extractList#?,String#77	0.0	0.0	0.0		_
com.google.javascript.jscomp.parsing.TypeSafeDispatcher#T#process#?,AstNode#184	0.0	0.0	0.0		_
com.google.javascript.rhino.Node#void#removeProp#?,int#765	0.0	0.0	0.0		_
com.google.javascript.jscomp.parsing.TypeSafeDispatcher#T#process#?,AstNode#187	0.0	0.0	0.0		_
com.google.javascript.rhino.Node#int#mergeLineCharNo#?,int,int#1150	0.0	0.0	0.0		_
com.google.javascript.jscomp.parsing.IRFactory#Node#transform#?,AstNode#209	0.0	0.0	0.0		_
com.google.javascript.jscomp.parsing.TypeSafeDispatcher#T#process#?,AstNode#182	0.0	0.0	0.0		_
com.google.javascript.jscomp.parsing.IRFactory#int#position2charno#?,int#269	0.0	0.0	0.0		_
com.google.javascript.rhino.Node#PropListItem#lookupProperty#?,int#742	0.0	0.0	0.0		_
com.google.javascript.rhino.Node#PropListItem#lookupProperty#?,int#743	0.0	0.0	0.0		_
com.google.javascript.jscomp.parsing.TypeSafeDispatcher#T#process#?,AstNode#279	0.0	0.0	0.0		_
com.google.javascript.jscomp.parsing.TypeSafeDispatcher#T#process#?,AstNode#277	0.0	0.0	0.0		_
com.google.javascript.jscomp.parsing.TypeSafeDispatcher#T#process#?,AstNode#173	0.0	0.0	0.0		_
com.google.javascript.jscomp.parsing.TypeSafeDispatcher#T#process#?,AstNode#174	0.0	0.0	0.0		_
com.google.javascript.jscomp.parsing.ParserRunner#Node#parse#?,String,String,Config,ErrorReporter,Logger#116	0.0	0.0	0.0		_
com.google.javascript.jscomp.parsing.ParserRunner#void#initResourceConfig#?#69	0.0	0.0	0.0		_
com.google.javascript.jscomp.parsing.IRFactory#int#transformTokenType#?,int#1146	0.0	0.0	0.0		_
com.google.javascript.jscomp.parsing.IRFactory#int#transformTokenType#?,int#1148	0.0	0.0	0.0		_
com.google.javascript.jscomp.parsing.IRFactory#int#transformTokenType#?,int#1004	0.0	0.0	0.0		_
com.google.javascript.jscomp.parsing.IRFactory#int#transformTokenType#?,int#1006	0.0	0.0	0.0		_
com.google.javascript.jscomp.parsing.IRFactory#int#transformTokenType#?,int#1205	0.0	0.0	0.0		_
com.google.javascript.jscomp.parsing.IRFactory#int#transformTokenType#?,int#1000	0.0	0.0	0.0		_
com.google.javascript.jscomp.parsing.IRFactory#int#transformTokenType#?,int#1140	0.0	0.0	0.0		_
com.google.javascript.jscomp.parsing.IRFactory#int#transformTokenType#?,int#1002	0.0	0.0	0.0		_
com.google.javascript.jscomp.parsing.IRFactory#int#transformTokenType#?,int#1008	0.0	0.0	0.0		_
com.google.javascript.jscomp.parsing.TypeSafeDispatcher#T#process#?,AstNode#169	0.0	0.0	0.0		_
com.google.javascript.jscomp.parsing.ParserRunner#void#initResourceConfig#?#70	0.0	0.0	0.0		_
com.google.javascript.jscomp.parsing.ParserRunner#void#initResourceConfig#?#71	0.0	0.0	0.0		_
com.google.javascript.jscomp.parsing.IRFactory#int#transformTokenType#?,int#1134	0.0	0.0	0.0		_
com.google.javascript.jscomp.parsing.IRFactory#int#transformTokenType#?,int#1132	0.0	0.0	0.0		_
com.google.javascript.jscomp.parsing.IRFactory#int#transformTokenType#?,int#1138	0.0	0.0	0.0		_
com.google.javascript.jscomp.parsing.IRFactory#int#transformTokenType#?,int#1136	0.0	0.0	0.0		_
com.google.javascript.jscomp.parsing.IRFactory#int#transformTokenType#?,int#1130	0.0	0.0	0.0		_
com.google.javascript.jscomp.parsing.TypeSafeDispatcher#T#process#?,AstNode#159	0.0	0.0	0.0		_
com.google.javascript.jscomp.parsing.IRFactory#int#transformTokenType#?,int#1124	0.0	0.0	0.0		_
com.google.javascript.jscomp.parsing.IRFactory#int#transformTokenType#?,int#1126	0.0	0.0	0.0		_
com.google.javascript.jscomp.parsing.IRFactory#int#transformTokenType#?,int#1120	0.0	0.0	0.0		_
com.google.javascript.jscomp.parsing.IRFactory#int#transformTokenType#?,int#1122	0.0	0.0	0.0		_
com.google.javascript.jscomp.parsing.IRFactory#int#transformTokenType#?,int#1020	0.0	0.0	0.0		_
com.google.javascript.jscomp.parsing.IRFactory#int#transformTokenType#?,int#1028	0.0	0.0	0.0		_
com.google.javascript.jscomp.parsing.TypeSafeDispatcher#T#process#?,AstNode#144	0.0	0.0	0.0		_
com.google.javascript.jscomp.parsing.IRFactory#JSDocInfo#handleJsDoc#?,AstNode#196	0.0	0.0	0.0		_
com.google.javascript.jscomp.parsing.IRFactory#int#transformTokenType#?,int#1128	0.0	0.0	0.0		_
com.google.javascript.jscomp.parsing.IRFactory#JSDocInfo#handleJsDoc#?,AstNode#197	0.0	0.0	0.0		_
com.google.javascript.jscomp.parsing.TypeSafeDispatcher#T#process#?,AstNode#146	0.0	0.0	0.0		_
com.google.javascript.jscomp.parsing.IRFactory#JSDocInfo#handleJsDoc#?,AstNode#198	0.0	0.0	0.0		_
com.google.javascript.jscomp.parsing.IRFactory#JSDocInfo#handleJsDoc#?,AstNode#199	0.0	0.0	0.0		_
com.google.javascript.jscomp.parsing.IRFactory#int#transformTokenType#?,int#1116	0.0	0.0	0.0		_
com.google.javascript.jscomp.parsing.IRFactory#int#transformTokenType#?,int#1010	0.0	0.0	0.0		_
com.google.javascript.jscomp.parsing.IRFactory#int#transformTokenType#?,int#1118	0.0	0.0	0.0		_
com.google.javascript.jscomp.parsing.TypeSafeDispatcher#T#process#?,AstNode#237	0.0	0.0	0.0		_
com.google.javascript.jscomp.parsing.IRFactory#int#transformTokenType#?,int#978	0.0	0.0	0.0		_
com.google.javascript.jscomp.parsing.IRFactory#int#transformTokenType#?,int#1190	0.0	0.0	0.0		_
com.google.javascript.jscomp.parsing.TypeSafeDispatcher#T#process#?,AstNode#239	0.0	0.0	0.0		_
com.google.javascript.jscomp.parsing.TypeSafeDispatcher#T#process#?,AstNode#233	0.0	0.0	0.0		_
com.google.javascript.jscomp.parsing.TypeSafeDispatcher#T#process#?,AstNode#235	0.0	0.0	0.0		_
com.google.javascript.jscomp.parsing.IRFactory#int#transformTokenType#?,int#1050	0.0	0.0	0.0		_
com.google.javascript.jscomp.parsing.IRFactory#Node#transformTree#?,AstRoot,String,Config,ErrorReporter#134	0.0	0.0	0.0		_
com.google.javascript.jscomp.parsing.IRFactory#int#transformTokenType#?,int#970	0.0	0.0	0.0		_
com.google.javascript.jscomp.parsing.IRFactory#Node#transformTree#?,AstRoot,String,Config,ErrorReporter#133	0.0	0.0	0.0		_
com.google.javascript.jscomp.parsing.IRFactory#int#transformTokenType#?,int#972	0.0	0.0	0.0		_
com.google.javascript.jscomp.parsing.TypeSafeDispatcher#T#process#?,AstNode#231	0.0	0.0	0.0		_
com.google.javascript.jscomp.parsing.IRFactory#int#transformTokenType#?,int#974	0.0	0.0	0.0		_
com.google.javascript.jscomp.parsing.IRFactory#int#transformTokenType#?,int#976	0.0	0.0	0.0		_
com.google.javascript.jscomp.parsing.IRFactory#Node#transformTree#?,AstRoot,String,Config,ErrorReporter#135	0.0	0.0	0.0		_
com.google.javascript.jscomp.parsing.TypeSafeDispatcher#T#process#?,AstNode#249	0.0	0.0	0.0		_
com.google.javascript.jscomp.parsing.TypeSafeDispatcher#T#process#?,AstNode#247	0.0	0.0	0.0		_
com.google.javascript.jscomp.parsing.TypeSafeDispatcher#T#process#?,AstNode#245	0.0	0.0	0.0		_
com.google.javascript.jscomp.parsing.IRFactory$TransformDispatcher#void#parseDirectives#?,Node#375	0.0	0.0	0.0		_
com.google.javascript.jscomp.parsing.IRFactory$TransformDispatcher#void#parseDirectives#?,Node#376	0.0	0.0	0.0		_
com.google.javascript.jscomp.parsing.IRFactory$TransformDispatcher#void#parseDirectives#?,Node#374	0.0	0.0	0.0		_
com.google.javascript.jscomp.parsing.IRFactory$TransformDispatcher#void#parseDirectives#?,Node#377	0.0	0.0	0.0		_
com.google.javascript.jscomp.parsing.IRFactory#int#transformTokenType#?,int#980	0.0	0.0	0.0		_
com.google.javascript.jscomp.parsing.IRFactory#int#transformTokenType#?,int#984	0.0	0.0	0.0		_
com.google.javascript.jscomp.parsing.TypeSafeDispatcher#T#process#?,AstNode#241	0.0	0.0	0.0		_
com.google.javascript.jscomp.parsing.IRFactory#int#transformTokenType#?,int#982	0.0	0.0	0.0		_
com.google.javascript.jscomp.parsing.IRFactory#int#transformTokenType#?,int#988	0.0	0.0	0.0		_
com.google.javascript.jscomp.parsing.IRFactory#int#transformTokenType#?,int#986	0.0	0.0	0.0		_
com.google.javascript.jscomp.parsing.TypeSafeDispatcher#T#process#?,AstNode#216	0.0	0.0	0.0		_
com.google.javascript.jscomp.parsing.IRFactory$TransformDispatcher#void#parseDirectives#?,Node#384	0.0	0.0	0.0		_
com.google.javascript.jscomp.parsing.TypeSafeDispatcher#T#process#?,AstNode#219	0.0	0.0	0.0		_
com.google.javascript.rhino.Node#PropListItem#removeProp#?,PropListItem,int#779	0.0	0.0	0.0		_
com.google.javascript.jscomp.parsing.TypeSafeDispatcher#T#process#?,AstNode#218	0.0	0.0	0.0		_
com.google.javascript.rhino.Node#PropListItem#removeProp#?,PropListItem,int#783	0.0	0.0	0.0		_
com.google.javascript.jscomp.parsing.IRFactory#int#transformTokenType#?,int#1030	0.0	0.0	0.0		_
com.google.javascript.jscomp.parsing.IRFactory#int#transformTokenType#?,int#1032	0.0	0.0	0.0		_
com.google.javascript.jscomp.parsing.IRFactory#int#transformTokenType#?,int#1034	0.0	0.0	0.0		_
com.google.javascript.jscomp.parsing.IRFactory#int#transformTokenType#?,int#1036	0.0	0.0	0.0		_
com.google.javascript.jscomp.parsing.IRFactory#int#transformTokenType#?,int#1038	0.0	0.0	0.0		_
com.google.javascript.jscomp.parsing.TypeSafeDispatcher#T#process#?,AstNode#221	0.0	0.0	0.0		_
com.google.javascript.jscomp.parsing.IRFactory#int#transformTokenType#?,int#968	0.0	0.0	0.0		_
com.google.javascript.jscomp.parsing.IRFactory#int#transformTokenType#?,int#966	0.0	0.0	0.0		_
com.google.javascript.jscomp.parsing.IRFactory#int#transformTokenType#?,int#964	0.0	0.0	0.0		_
com.google.javascript.jscomp.parsing.TypeSafeDispatcher#T#process#?,AstNode#220	0.0	0.0	0.0		_
com.google.javascript.jscomp.parsing.IRFactory#int#transformTokenType#?,int#1048	0.0	0.0	0.0		_
com.google.javascript.rhino.Node#Object#getProp#?,int#796	0.0	0.0	0.0		_
com.google.javascript.jscomp.parsing.IRFactory#int#transformTokenType#?,int#1150	0.0	0.0	0.0		_
com.google.javascript.jscomp.parsing.IRFactory#int#transformTokenType#?,int#1152	0.0	0.0	0.0		_
com.google.javascript.jscomp.parsing.IRFactory$TransformDispatcher#Node#processGeneric#?,com.google.javascript.jscomp.mozilla.rhino.Node#281	0.0	0.0	0.0		_
com.google.javascript.jscomp.parsing.IRFactory$TransformDispatcher#Node#processGeneric#?,com.google.javascript.jscomp.mozilla.rhino.Node#282	0.0	0.0	0.0		_
com.google.javascript.jscomp.parsing.TypeSafeDispatcher#T#process#?,AstNode#203	0.0	0.0	0.0		_
com.google.javascript.jscomp.parsing.TypeSafeDispatcher#T#process#?,AstNode#204	0.0	0.0	0.0		_
com.google.javascript.jscomp.parsing.TypeSafeDispatcher#T#process#?,AstNode#201	0.0	0.0	0.0		_
com.google.javascript.jscomp.parsing.TypeSafeDispatcher#T#process#?,AstNode#202	0.0	0.0	0.0		_
com.google.javascript.jscomp.parsing.IRFactory$TransformDispatcher#Node#processFunctionNode#?,FunctionNode#545	0.0	0.0	0.0		_
com.google.javascript.jscomp.parsing.IRFactory#int#transformTokenType#?,int#996	0.0	0.0	0.0		_
com.google.javascript.jscomp.parsing.IRFactory#int#transformTokenType#?,int#998	0.0	0.0	0.0		_
com.google.javascript.jscomp.parsing.IRFactory#int#transformTokenType#?,int#992	0.0	0.0	0.0		_
com.google.javascript.jscomp.parsing.IRFactory#int#transformTokenType#?,int#994	0.0	0.0	0.0		_
com.google.javascript.jscomp.parsing.IRFactory#int#transformTokenType#?,int#990	0.0	0.0	0.0		_
com.google.javascript.jscomp.parsing.IRFactory$TransformDispatcher#Node#processFunctionNode#?,FunctionNode#554	0.0	0.0	0.0		_
com.google.javascript.jscomp.parsing.IRFactory$TransformDispatcher#Node#processFunctionNode#?,FunctionNode#553	0.0	0.0	0.0		_
com.google.javascript.jscomp.parsing.IRFactory#void#setFileOverviewJsDoc#?,Node#151	0.0	0.0	0.0		_
com.google.javascript.jscomp.parsing.IRFactory#void#setFileOverviewJsDoc#?,Node#155	0.0	0.0	0.0		_
