<?xml version="1.0" encoding="UTF-8"?>
<subjects>
		<!-- 1 ==========success========== -->
<!-- 	<subject name="chart" id="1">
		<ssrc>/source</ssrc>
		<tsrc>/tests</tsrc>
		<sbin>/build</sbin>
		<tbin>/build-tests</tbin>
		<classpath>
			<element>/lib</element>
		</classpath>
	</subject> -->
	<!-- ==================================TODO================================= -->
<!-- 	<subject name="chart" id="2">
		<ssrc>/source</ssrc>
		<tsrc>/tests</tsrc>
		<sbin>/build</sbin>
		<tbin>/build-tests</tbin>
		<classpath>
			<element>/lib</element>
		</classpath>
	</subject>  -->
	<!-- ==================================TODO================================= -->
<!-- 	<subject name="chart" id="3">
		<ssrc>/source</ssrc>
		<tsrc>/tests</tsrc>
		<sbin>/build</sbin>
		<tbin>/build-tests</tbin>
		<classpath>
			<element>/lib</element>
		</classpath>
	</subject>  -->
	
<!-- 	<subject name="chart" id="11">
		<ssrc>/source</ssrc>
		<tsrc>/tests</tsrc>
		<sbin>/build</sbin>
		<tbin>/build-tests</tbin>
		<classpath>
			<element>/lib</element>
		</classpath>
	</subject>  -->
	<!-- 2================plausible================ -->
<!-- 	<subject name="chart" id="7">
		<ssrc>/source</ssrc>
		<tsrc>/tests</tsrc>
		<sbin>/build</sbin>
		<tbin>/build-tests</tbin>
		<classpath>
			<element>/lib</element>
		</classpath>
	</subject> -->
	<!-- 3================success============= -->
<!-- 	<subject name="chart" id="20">
		<ssrc>/source</ssrc>
		<tsrc>/tests</tsrc>
		<sbin>/build</sbin>
		<tbin>/build-tests</tbin>
		<classpath>
			<element>/lib</element>
		</classpath>
	</subject> -->

	<!-- 4==============success============ -->
<!-- 	<subject name="closure" id="14">
		<ssrc>/src</ssrc>
		<tsrc>/test</tsrc>
		<sbin>/build/classes</sbin>
		<tbin>/build/test</tbin>
		<classpath>
			<element>/lib</element>
		</classpath>
	</subject> -->
	<!--  5============variables match wrong========	 -->
<!-- 	<subject name="closure" id="57">
		<ssrc>/src</ssrc>
		<tsrc>/test</tsrc>
		<sbin>/build/classes</sbin>
		<tbin>/build/test</tbin>
		<classpath>
			<element>/lib</element>
		</classpath>
	</subject> -->
	<!--  6=============success================== -->	
<!-- 	<subject name="closure" id="73">
		<ssrc>/src</ssrc>
		<tsrc>/test</tsrc>
		<sbin>/build/classes</sbin>
		<tbin>/build/test</tbin>
		<classpath>
			<element>/lib</element>
		</classpath>
	</subject> -->
	
	<!-- 7=================success===split test case to two =========== -->
<!-- 	<subject name="lang" id="35">
		<ssrc>/src/main/java</ssrc>
		<tsrc>/src/test/java</tsrc>
		<sbin>/target/classes</sbin>
		<tbin>/target/test-classes</tbin>
	</subject> -->
	<!-- 8=============success================== -->	
<!-- 	<subject name="lang" id="39">
		<ssrc>/src/java</ssrc>
		<tsrc>/src/test</tsrc>
		<sbin>/target/classes</sbin>
		<tbin>/target/test-classes</tbin>
	</subject> -->
	<!-- 9============success=============== -->
<!-- 	<subject name="lang" id="43">
		<ssrc>/src/java</ssrc>
		<tsrc>/src/test</tsrc>
		<sbin>/target/classes</sbin>
		<tbin>/target/tests</tbin>
	</subject> -->
	<!-- 10=============second one is correct==================	 -->
<!-- 	<subject name="lang" id="58">
		<ssrc>/src/java</ssrc>
		<tsrc>/src/test</tsrc>
		<sbin>/target/classes</sbin>
		<tbin>/target/tests</tbin>
	</subject> -->
	
	<subject name="lang" id="59">
		<ssrc>/src/java</ssrc>
		<tsrc>/src/test</tsrc>
		<sbin>/target/classes</sbin>
		<tbin>/target/tests</tbin>
	</subject>
	<!--11 ===============success===split test case to two============ -->
<!-- 	<subject name="lang" id="60">
		<ssrc>/src/java</ssrc>
		<tsrc>/src/test</tsrc>
		<sbin>/target/classes</sbin>
		<tbin>/target/tests</tbin>
	</subject> -->

	<!-- 12============success=============== -->
<!-- 	<subject name="math" id="5">
		<ssrc>/src/main/java</ssrc>
		<tsrc>/src/test/java</tsrc>
		<sbin>/target/classes</sbin>
		<tbin>/target/test-classes</tbin>
	</subject> -->
	<!-- 13============success=============== -->
<!-- 	<subject name="math" id="33">
		<ssrc>/src/main/java</ssrc>
		<tsrc>/src/test/java</tsrc>
		<sbin>/target/classes</sbin>
		<tbin>/target/test-classes</tbin>
	</subject> -->
	<!-- 14===========success====multi tests trigger two faults, fix separately=== -->
<!-- 	<subject name="math" id="35">
		<ssrc>/src/main/java</ssrc>
		<tsrc>/src/test/java</tsrc>
		<sbin>/target/classes</sbin>
		<tbin>/target/test-classes</tbin>
	</subject> -->
	<!-- 15=============success============= -->
<!-- 	<subject name="math" id="41">
		<ssrc>/src/main/java</ssrc>
		<tsrc>/src/test/java</tsrc>
		<sbin>/target/classes</sbin>
		<tbin>/target/test-classes</tbin>
	</subject> -->
	<!-- 16===============success===split test case to four============ -->
<!-- 	<subject name="math" id="49">
		<ssrc>/src/main/java</ssrc>
		<tsrc>/src/test/java</tsrc>
		<sbin>/target/classes</sbin>
		<tbin>/target/test-classes</tbin>
	</subject> -->
	<!-- 17============success=============== -->
<!-- 	<subject name="math" id="53">
		<ssrc>/src/main/java</ssrc>
		<tsrc>/src/test/java</tsrc>
		<sbin>/target/classes</sbin>
		<tbin>/target/test-classes</tbin>
	</subject> -->
	<!-- 18============success=============== -->
<!-- 	<subject name="math" id="59">
		<ssrc>/src/main/java</ssrc>
		<tsrc>/src/test/java</tsrc>
		<sbin>/target/classes</sbin>
		<tbin>/target/test-classes</tbin>
	</subject> -->
	<!-- 19============the first one should be right, the second one is right=============== -->
	<subject name="math" id="63">
		<ssrc>/src/main/java</ssrc>
		<tsrc>/src/test/java</tsrc>
		<sbin>/target/classes</sbin>
		<tbin>/target/test-classes</tbin>
	</subject>
	<!-- 20============success=============== -->
	<subject name="math" id="70">
		<ssrc>/src/main/java</ssrc>
		<tsrc>/src/test/java</tsrc>
		<sbin>/target/classes</sbin>
		<tbin>/target/test-classes</tbin>
	</subject>
	<!-- 21=================two failed test cases, one rank top one and the other rank top 2==== -->
	<subject name="math" id="71">
		<ssrc>/src/main/java</ssrc>
		<tsrc>/src/test/java</tsrc>
		<sbin>/target/classes</sbin>
		<tbin>/target/test-classes</tbin>
	</subject>
	<!-- 22======split test to two test case, success for the first but plausible for the other  -->
	<subject name="math" id="72">
		<ssrc>/src/main/java</ssrc>
		<tsrc>/src/test/java</tsrc>
		<sbin>/target/classes</sbin>
		<tbin>/target/test-classes</tbin>
	</subject>
	<!-- 23============success=============== -->
	<subject name="math" id="75">
		<ssrc>/src/main/java</ssrc>
		<tsrc>/src/test/java</tsrc>
		<sbin>/target/classes</sbin>
		<tbin>/target/test-classes</tbin>
	</subject>
	<!-- 24============the first one should be right, the second one is right=============== -->
	<subject name="math" id="79">
		<ssrc>/src/main/java</ssrc>
		<tsrc>/src/test/java</tsrc>
		<sbin>/target/classes</sbin>
		<tbin>/target/test-classes</tbin>
	</subject>
	<!-- 25============success==two failed test and two wrong code, fixed separately============= -->
	<subject name="math" id="98">
		<ssrc>/src/java</ssrc>
		<tsrc>/src/test</tsrc>
		<sbin>/target/classes</sbin>
		<tbin>/target/test-classes</tbin>
	</subject>
		
</subjects>